rank,video_id,title,view_count,duration,url
1,4idQbwsvtUo,Israel-Hamas War: Piers Morgan vs Bassem Youssef On Palestine's Treatment | The Full Interview,23000000,1996,https://www.youtube.com/watch?v=4idQbwsvtUo
2,VGWGcESPltM,Andrew Tate vs Piers Morgan | The Full Interview,16000000,4490,https://www.youtube.com/watch?v=VGWGcESPltM
3,mK-isQXd_Qw,“Richard Gadd is PSYCHOTIC” Baby Reindeer’s ‘Real’ Martha Fiona Harvey,15000000,3284,https://www.youtube.com/watch?v=mK-isQXd_Qw
4,2oWbDCql4JA,PART 1: Piers Morgan vs Andrew Tate In Romania | Latest Interview,13000000,4524,https://www.youtube.com/watch?v=2oWbDCql4JA
5,rqjO5Z9Lt_M,Piers Morgan vs Bassem Youssef Round 2 | Two-Hour Special Interview,12000000,6407,https://www.youtube.com/watch?v=rqjO5Z9Lt_M
6,2pMsYSR7g78,PART 2: Andrew Tate Talks Palestine and Israel With Piers Morgan | Latest Interview,10000000,2116,https://www.youtube.com/watch?v=2pMsYSR7g78
7,L63Jt6__aGw,The Kanye 'Ye' West Interview With Piers Morgan,10000000,6002,https://www.youtube.com/watch?v=L63Jt6__aGw
8,9jBgGY2Ww9Q,Piers Morgan vs Mohammed Hijab On Palestine and Israel-Hamas War | The Full Debate,8600000,1342,https://www.youtube.com/watch?v=9jBgGY2Ww9Q
9,2QcZSVu3CCY,Piers Morgan Takes On Andrew Tate AGAIN! | The Full Interview #2,8500000,2765,https://www.youtube.com/watch?v=2QcZSVu3CCY
10,Jk9uJRMvBIA,The FULL Cristiano Ronaldo Interview With Piers Morgan | Parts 1 and 2,8400000,5468,https://www.youtube.com/watch?v=Jk9uJRMvBIA
11,LhlXDI1JSKk,"""I Can Identify As A Black Lesbian!"" Piers Morgan On Gender Identity",8100000,808,https://www.youtube.com/watch?v=LhlXDI1JSKk
12,BTv5feWd9dk,Jordan Peterson’s FULL Interview With Piers Morgan,7500000,3861,https://www.youtube.com/watch?v=BTv5feWd9dk
13,WIR6KbGwGU0,Piers Morgan vs Tristan Tate | The Full Interview,7200000,1998,https://www.youtube.com/watch?v=WIR6KbGwGU0
14,ZfNbxVa3YLo,Piers Morgan vs Ben Shapiro On Israel-Hamas War | The Full Interview,7200000,2808,https://www.youtube.com/watch?v=ZfNbxVa3YLo
15,9jsJYHuGPms,Mohammed Hijab vs Rabbi Shmuley On Palestine and Israel | The Full Debate With Piers Morgan,6600000,4110,https://www.youtube.com/watch?v=9jsJYHuGPms
16,7O-_CVA27ak,Andrew Tate RETURNS To Debate Piers Morgan on Elon Musk And Free Speech,5700000,541,https://www.youtube.com/watch?v=7O-_CVA27ak
17,fRNhkQpp0wU,“Complete FAKE News Bullsh*t!” Piers Morgan vs Andrew Tate On Riots,5500000,3239,https://www.youtube.com/watch?v=fRNhkQpp0wU
18,5hdIR0WOk7I,Priscilla Presley Speaks To Piers Morgan About The Death Of Her Daughter Lisa Marie Presley,5300000,3288,https://www.youtube.com/watch?v=5hdIR0WOk7I
19,cvWPlQLH-bg,"""Did You KILL Anybody?"" Piers Morgan Grills Former Mafia Boss Michael Franzese",5200000,2597,https://www.youtube.com/watch?v=cvWPlQLH-bg
20,mIDLJnKesQM,"""Total Electoral BLOODBATH"" Donald Trump DEFEATS Kamala Harris!",5100000,6177,https://www.youtube.com/watch?v=mIDLJnKesQM
21,A_I7Mr4czmU,"""Going Down For LIFE"" Piers Morgan Discusses The Downfall Of Diddy",5100000,2563,https://www.youtube.com/watch?v=A_I7Mr4czmU
22,GvDAra1VFnE,Israel-Hamas War: Piers Morgan vs Palestinian Ambassador Husam Zomlot Over Gaza Hospital Strike,5100000,1624,https://www.youtube.com/watch?v=GvDAra1VFnE
23,GzogU1RncbU,“I Am NOT A Holocaust Denier” SHOWDOWN! Rabbi Shmuley vs Candace Owens,5000000,3734,https://www.youtube.com/watch?v=GzogU1RncbU
24,I2ljrTAfdxs,Full Cristiano Ronaldo Interview With Piers Morgan Part 1,5000000,2826,https://www.youtube.com/watch?v=I2ljrTAfdxs
25,suow2qxBI2Y,Piers Morgan Interviews Matt Walsh After 'What Is A Woman?' Twitter Censorship,4700000,892,https://www.youtube.com/watch?v=suow2qxBI2Y
26,M1612L2FMHo,Jordan Peterson Gets Emotional Talking About Olivia Wilde's 'Incel' Comparison,4700000,417,https://www.youtube.com/watch?v=M1612L2FMHo
27,2WmV7kaxz6I,“He's a MAFIA Boss!” Diddy Latest Feat DJ Vlad | 'Household Names Will Be Revealed',4400000,1762,https://www.youtube.com/watch?v=2WmV7kaxz6I
28,FrnuOwndcpE,"""It's Embarrassing!"" Piers Morgan Reacts To Transgender Marathon Runner",4400000,819,https://www.youtube.com/watch?v=FrnuOwndcpE
29,Xlrmfaw_BCI,Piers Morgan Eats STEAK In Front Of Vegan Protester,4400000,683,https://www.youtube.com/watch?v=Xlrmfaw_BCI
30,c_rhcGUTs8E,"""Go to HELL - You’re Not Stopping Me!” Jordan Peterson On Trump, Putin & More",4300000,3226,https://www.youtube.com/watch?v=c_rhcGUTs8E
31,2bA6Iif8-cY,Piers Morgan vs HasanAbi On Palestine-Israel Conflict and War | The Full Interview,4300000,1501,https://www.youtube.com/watch?v=2bA6Iif8-cY
32,Hg3pI-FnpPs,Andrew Tate Gives His Take On Meghan Markle's Claims Of UK Racism,4300000,814,https://www.youtube.com/watch?v=Hg3pI-FnpPs
33,YRFKkmsDpuw,"Israel-Hamas War: ""Enough Of The Bigotry Against Palestinians!"" Piers Morgan vs Cenk Uygur",4200000,743,https://www.youtube.com/watch?v=YRFKkmsDpuw
34,e7pgXv_TmWc,“Diddy Has Tapes on EVERYONE!” Candace Owens vs Marc Lamont Hill,4100000,3407,https://www.youtube.com/watch?v=e7pgXv_TmWc
35,-rQBVbmwSbI,"""It's An Awful Feeling"" - Titanic Reporter Breaks Down Talking About Missing Submersible",4100000,699,https://www.youtube.com/watch?v=-rQBVbmwSbI
36,-qVKPyQ8lnc,"""They Are Stealing My Culture!"" Bassem Youssef On Netflix's 'Cleopatra' Casting",4100000,564,https://www.youtube.com/watch?v=-qVKPyQ8lnc
37,505UazMNgLg,Richard Dawkins vs Piers Morgan On Religion and Gender | The Full Interview,4100000,2793,https://www.youtube.com/watch?v=505UazMNgLg
38,TJW9XtSfFxc,"Piers Morgan vs Zlatan Ibrahimovic | The Full, Uncut Interview",4000000,6311,https://www.youtube.com/watch?v=TJW9XtSfFxc
39,2ikiuBdtd2E,"""Threat To Democracy"" Piers Morgan Reacts To Trump Shooting | Ben Shapiro x Rudy Giuliani",3800000,5943,https://www.youtube.com/watch?v=2ikiuBdtd2E
40,DHs7p6o5oBo,The 'Female Andrew Tate' Pearl Davis On Why She Thinks Women Shouldn't Vote,3800000,590,https://www.youtube.com/watch?v=DHs7p6o5oBo
41,NonNbIJ6Zm0,"""We Might Have 100 Years Left!"" Neil deGrasse Tyson On The World Ending",3800000,578,https://www.youtube.com/watch?v=NonNbIJ6Zm0
42,cQobf1ePWAA,“NO ONE CARES!” America TURNS On Anti-Trump Celebrities! Feat Nerdrotic & Critical Drinker,3700000,2896,https://www.youtube.com/watch?v=cQobf1ePWAA
43,vEwC9LVlMNQ,Piers Morgan vs Ice Cube | The Full Interview,3700000,814,https://www.youtube.com/watch?v=vEwC9LVlMNQ
44,aD_N9MFn_hc,"Ronaldo: Man Utd Bosses ""Didn't Believe"" My Daughter Was Sick",3700000,1339,https://www.youtube.com/watch?v=aD_N9MFn_hc
45,c_NPcyN45P8,"""BRAZEN Misogynist!"" Piers Morgan vs Andrew Tate on Charlie Kirk, Train Murder & Trafficking Case",3600000,3220,https://www.youtube.com/watch?v=c_NPcyN45P8
46,Qo_uGb95hic,"""I Dispute EVERYTHING Israel Says"" Piers Morgan vs Mehdi Hasan",3600000,3204,https://www.youtube.com/watch?v=Qo_uGb95hic
47,6PXyfdBOL28,“A Trainwreck Combined With A Dumpster Fire!” Trump vs Biden Reaction,3600000,4503,https://www.youtube.com/watch?v=6PXyfdBOL28
48,josrxVtGE40,"Piers Morgan Reacts To Sam Smith's ""Disgusting and Vulgar"" Tour",3600000,650,https://www.youtube.com/watch?v=josrxVtGE40
49,rUcR3-6lAW0,Piers Morgan Vs Ben Shapiro | The Full Interview,3500000,2515,https://www.youtube.com/watch?v=rUcR3-6lAW0
50,zoHyLyGfKoU,"""Complete And Utter LUNATIC!"" Trans Athletes Debate Turns UGLY",3400000,2199,https://www.youtube.com/watch?v=zoHyLyGfKoU
51,edhknTTq7bM,Piers Morgan vs Dana White | The Full Interview,3400000,3465,https://www.youtube.com/watch?v=edhknTTq7bM
52,df9M8KbQZSA,Israel-Hamas War: Piers Morgan vs Rahma Zein On Palestine's Suffering | The Full Interview,3300000,960,https://www.youtube.com/watch?v=df9M8KbQZSA
53,cc183v_oH0k,"""I'm Tired Of Women WHINING!"" The 'Female Andrew Tate' Pearl Davis On Equal Pay in Sports",3300000,793,https://www.youtube.com/watch?v=cc183v_oH0k
54,JSoW-1AGa7o,"Piers Morgan On Shamima Begum: ""She's a Disgusting Piece Of Work!""",3300000,573,https://www.youtube.com/watch?v=JSoW-1AGa7o
55,LEKjCeHr0NU,"""Exporting TERRORISM!"" India-Pakistan Debate With Ranveer Allahbadia & Hina Khar",3200000,3031,https://www.youtube.com/watch?v=LEKjCeHr0NU
56,DIaNbo24lCA,“UNELECTABLE!” Kamala Harris Taken Down By RFK Jr As Biden Steps Down,3200000,4644,https://www.youtube.com/watch?v=DIaNbo24lCA
57,qktc4-9mXXc,Kevin Spacey Breaks Down As He Faces Debt Of MILLIONS,3200000,5899,https://www.youtube.com/watch?v=qktc4-9mXXc
58,BDhR7rOX15c,"“She’s Lying, She’s Truthful Or Has A Disorder” Baby Reindeer Interview Verdict",3200000,2406,https://www.youtube.com/watch?v=BDhR7rOX15c
59,1AzKH1n2mkI,Piers Morgan DESTROYS The Woke Brigade For 22 Minutes,3200000,1320,https://www.youtube.com/watch?v=1AzKH1n2mkI
60,xDTrsysXWt8,"""I Don’t Need Your Pity!"" Rahma Zein vs Mosab Hassan Yousef",3100000,2362,https://www.youtube.com/watch?v=xDTrsysXWt8
61,DDbMY7oM18A,Woman DESTROYS Eco-Protesters After They Made Her Miss Mum's Funeral,3100000,1242,https://www.youtube.com/watch?v=DDbMY7oM18A
62,MeaHO6sF5BQ,"""Somebody Didn’t Want Me To Do This Interview"" Diddy BOMBSHELL Revelations | Big Homie CC",3000000,1555,https://www.youtube.com/watch?v=MeaHO6sF5BQ
63,tlIg09t0Ui4,"Israel-Hamas War: ""I Refuse To Talk To Genocide Deniers!"" Piers Morgan Debates Palestine With Panel",3000000,884,https://www.youtube.com/watch?v=tlIg09t0Ui4
64,KEUElq-T5TI,Piers Morgan vs Pro-Palestinian Rapper Lowkey On Israel-Hamas War | The Full Interview,3000000,883,https://www.youtube.com/watch?v=KEUElq-T5TI
65,XoulC-h4yB4,"""Where's My STRAIGHT Flag?!"" Piers Morgan Debates Pride Flags With James Barr",3000000,339,https://www.youtube.com/watch?v=XoulC-h4yB4
66,eYwu14Qrimw,"Jordan Peterson: ""Meghan Markle GRATES On Me!""",3000000,1348,https://www.youtube.com/watch?v=eYwu14Qrimw
67,TlAbPkMlNOU,“NOT A Lone Gunman” Trump Declassifies JFK Files - Was It a Mob Job? With Michael Franzese,2900000,1833,https://www.youtube.com/watch?v=TlAbPkMlNOU
68,KICYv4O03CA,“BRAZEN Antisemite!” Piers Morgan CALLS OUT Dan Bilzerian,2900000,2020,https://www.youtube.com/watch?v=KICYv4O03CA
69,gt_CipOPPs0,"""INHUMAN!"" Piers Morgan vs Destiny On Trump Shooting",2900000,3239,https://www.youtube.com/watch?v=gt_CipOPPs0
70,8zevhRN5lHI,Matt Walsh The Creator Of 'What Is A Woman?' Documentary FULL Interview,2900000,498,https://www.youtube.com/watch?v=8zevhRN5lHI
71,MkEZXp0GJe8,“Dems Made A Deal With The DEVIL!” Ana Kasparian SLAMS Her Old Party Feat. Victor Davis Hanson,2800000,3464,https://www.youtube.com/watch?v=MkEZXp0GJe8
72,6U1bb4F9CSs,“She’s A Dangerous Stalker” Fiona Harvey’s Alleged First Victim Speaks To Piers Morgan,2800000,2290,https://www.youtube.com/watch?v=6U1bb4F9CSs
73,R06YFQU88lc,"""You Behave Like An Idiot!"" Piers Morgan SCOLDS Foul-Mouthed Eco-Protester",2800000,774,https://www.youtube.com/watch?v=R06YFQU88lc
74,PD9a8q-LW3w,What Is A Woman? EVERY Answer Piers Morgan Received On His Show,2800000,442,https://www.youtube.com/watch?v=PD9a8q-LW3w
75,5glgvwuDoZo,“THAT Is Racist!” Candace Owens Calls Out Democrat Hypocrisy,2700000,1808,https://www.youtube.com/watch?v=5glgvwuDoZo
76,quRdOfmIDg0,"""We ARE Going To Name Names!"" New Diddy Revelations Given To Piers Morgan",2700000,2912,https://www.youtube.com/watch?v=quRdOfmIDg0
77,IkG6WbNx91I,"“You're ALL Guilty!” Candace Owens x Cenk Uygur On Israel, Trump & More",2700000,4769,https://www.youtube.com/watch?v=IkG6WbNx91I
78,rmAd4ONfbgU,“Are You a CANNIBAL?” Armie Hammer Full Interview With Piers Morgan,2700000,4906,https://www.youtube.com/watch?v=rmAd4ONfbgU
79,kv8dmelNRk8,Piers Morgan vs Jordan Peterson on Israel-Hamas War And His 'Give 'Em Hell' Tweet,2700000,3406,https://www.youtube.com/watch?v=kv8dmelNRk8
80,n5zMQgy6FkQ,Piers Morgan vs Dillon Danis On Logan Paul Fight | The Full Interview,2700000,737,https://www.youtube.com/watch?v=n5zMQgy6FkQ
81,FzRaFeQFcdc,PART 2: The Cristiano Ronaldo Full Interview With Piers Morgan,2700000,2856,https://www.youtube.com/watch?v=FzRaFeQFcdc
82,n-ZiaE1saL0,"Kanye ""Ye"" West WALKS OUT During Interview With Piers Morgan",2700000,412,https://www.youtube.com/watch?v=n-ZiaE1saL0
83,Xj1ql9H1s6g,“I Will NOT STOP!” Candace Owens Meets Erika Kirk | Piers Morgan Interview,2600000,3774,https://www.youtube.com/watch?v=Xj1ql9H1s6g
84,9OGI8QvuIxg,“Half An Inch From CIVIL WAR” Patrick Bet-David x Kari Lake | Trump,2600000,2274,https://www.youtube.com/watch?v=9OGI8QvuIxg
85,9ttfvy3uv4w,"""You've Been Embarrassed!"" Piers Morgan SLAMS James Barr On Snow White's Woke Remake",2600000,865,https://www.youtube.com/watch?v=9ttfvy3uv4w
86,jor6jqaYQBs,"""It's Ludicrous!"" Piers Morgan Criticises 'Entitled' Plus Size Influencer",2600000,440,https://www.youtube.com/watch?v=jor6jqaYQBs
87,qBgfzygwaqE,“You Are a PARASITE!” Hamas Leader’s Son vs Cenk Uygur On Sinwar Death,2500000,2517,https://www.youtube.com/watch?v=qBgfzygwaqE
88,eHfVzzMArdg,“Iran WILL Punish Israel!” Israel Invades Lebanon After Nasrallah Killed,2500000,3118,https://www.youtube.com/watch?v=eHfVzzMArdg
89,djgdjer0jOw,"""I'm Not Antisemitic” Roger Waters vs Piers Morgan On Israel-Palestine & More",2500000,4236,https://www.youtube.com/watch?v=djgdjer0jOw
90,1-_B_hWFZWI,“You’re Accusing Me Of Fascism!” Trump Verdict Debate Gets Personal,2500000,2049,https://www.youtube.com/watch?v=1-_B_hWFZWI
91,Mb8okSaOQ5A,"""Difficult Time To Be A Woman"" | Dylan Mulvaney v Piers Morgan x Riley Gaines x Brandon Tatum",2500000,1747,https://www.youtube.com/watch?v=Mb8okSaOQ5A
92,beOiJcG0UMk,"""You're A MONSTER!"" Cenk Uygur vs Douglas Murray On Israel-Palestine War With Piers Morgan",2500000,1933,https://www.youtube.com/watch?v=beOiJcG0UMk
93,u5_6mMV7Hc4,"Israel-Palestine War: ""There Is No Deal With The Devil!"" Cenk Uygur vs Mosab Hassan Yousef On Hamas",2500000,1060,https://www.youtube.com/watch?v=u5_6mMV7Hc4
94,I_Sh-ERypMA,Piers Morgan vs Norman Finkelstein On Israel and Palestine | The Full Interview,2500000,1625,https://www.youtube.com/watch?v=I_Sh-ERypMA
95,ph9XF39yjgU,Israel-Hamas War: Gabor Mate vs Piers Morgan On Palestine and Gaza | The Full Interview,2400000,1210,https://www.youtube.com/watch?v=ph9XF39yjgU
96,V2kRxZr6b9s,Piers Morgan vs Mikhaila Peterson | The Full Interview,2400000,834,https://www.youtube.com/watch?v=V2kRxZr6b9s
97,qRO2NvIWCEY,"''Shut The F*ck Up!"" Tucker Carlson vs Piers Morgan",2300000,4059,https://www.youtube.com/watch?v=qRO2NvIWCEY
98,k5VoCMFL8N4,"“I Am DISGUSTED With Myself” Candace Owens On Israel, Trump, Diddy & Jay-Z",2300000,2873,https://www.youtube.com/watch?v=k5VoCMFL8N4
99,QvGkKKemIDk,“You’ve NO IDEA How Many You’ve Killed?”  Piers Morgan vs Avi Hyman,2300000,2398,https://www.youtube.com/watch?v=QvGkKKemIDk
100,wndJdXwK558,LGBTQ Activist Takes On Piers Morgan Over Athletes Refusing To Wear Rainbow Colours,2300000,562,https://www.youtube.com/watch?v=wndJdXwK558
101,9Dr0FgjvGtQ,"""Wouldn’t YOU Resist?"" Bassem Youssef RETURNS For More On Israel-Hamas War",2200000,4374,https://www.youtube.com/watch?v=9Dr0FgjvGtQ
102,0iPqwf01s64,"""You're Glorifying Obesity!"" Piers Morgan Interviews TikTok 'Fat Influencer'",2200000,474,https://www.youtube.com/watch?v=0iPqwf01s64
103,uSa3i69dwy0,“You Can’t Be Proud To Be A Man Anymore!” Piers Morgan On Brand Virtue-Signalling,2200000,872,https://www.youtube.com/watch?v=uSa3i69dwy0
104,kSGATvNb3rM,“You’re Being a Complete D*CK!” Piers Morgan vs Don Lemon + Steven Crowder & Joe Walsh,2100000,3517,https://www.youtube.com/watch?v=kSGATvNb3rM
105,Ve3ozQywb60,'ALL You Do Is Issue Attacks!' Candace Owens vs Mikhaila Peterson,2100000,2963,https://www.youtube.com/watch?v=Ve3ozQywb60
106,QKNasDSLoQU,"Patrick Bet-David: The ""DARK Strategy"" for Taking Trump Down",2100000,2569,https://www.youtube.com/watch?v=QKNasDSLoQU
107,qUH_Vzs1M8Q,“You're Defending a MONSTER” Mohammed Hijab vs Alan Dershowitz on Israel-Hamas,2100000,3150,https://www.youtube.com/watch?v=qUH_Vzs1M8Q
108,Trrp-tgKvR0,“The Entire Political Charade Has Come CRASHING Down” Eric Weinstein On US Election,2100000,2490,https://www.youtube.com/watch?v=Trrp-tgKvR0
109,xXA0N3oCx3o,“People Will Vote For A CORPSE Over Trump!” Biden Debate Feat Destiny,2100000,3115,https://www.youtube.com/watch?v=xXA0N3oCx3o
110,UQxNSV32Zkc,"Candace Owens vs Piers Morgan On Daily Wire, Israel, Kanye & More",2100000,5002,https://www.youtube.com/watch?v=UQxNSV32Zkc
111,wyINCPl58zQ,Israel-Hamas War: Piers Morgan vs Rabbi Shmuley And Cenk Uygur Going Head-to-Head In Fiery CLASH,2100000,998,https://www.youtube.com/watch?v=wyINCPl58zQ
112,TQ-Crh3rdQA,Piers Morgan vs Noam Chomsky | The Full Interview,2100000,2232,https://www.youtube.com/watch?v=TQ-Crh3rdQA
113,i7PX9gyZwW8,Cristiano Ronaldo On The Glazers And Why He Blanked Gary Neville,2100000,239,https://www.youtube.com/watch?v=i7PX9gyZwW8
114,0stGWpD6_j0,"""Calling Me Names Is NOT Gonna Stop Me!"" Tucker Carlson on Ted Cruz, Trump, Israel & 9/11",2000000,3931,https://www.youtube.com/watch?v=0stGWpD6_j0
115,5MpujQ_y3RU,“Pure Freakin’ EVIL” Piers Morgan & Dave Smith vs Israel Lawyer Natasha Hausdorff,2000000,4591,https://www.youtube.com/watch?v=5MpujQ_y3RU
116,m6vr1nlvxrE,“This Is A COUP!” Was Kamala Harris vs Trump Always The Plan?,2000000,3963,https://www.youtube.com/watch?v=m6vr1nlvxrE
117,iXnQrN2DJz4,“Is Trump The New Hitler? NO” Piers Morgan vs Mehdi Hasan | RNC Debate,2000000,4345,https://www.youtube.com/watch?v=iXnQrN2DJz4
118,IIHtjH6UkBk,"""It's TERRORISM"" George Galloway vs Piers Morgan on Israel-Hamas, Putin & More",2000000,4692,https://www.youtube.com/watch?v=IIHtjH6UkBk
119,27swSS0lqSs,"""Am I a Black Man If I Say I'm a Black Man?"" Piers Morgan Pride Debate",2000000,1872,https://www.youtube.com/watch?v=27swSS0lqSs
120,ISUynYz93zY,Can This Man PROVE That God Exists? Piers Morgan vs Stephen Meyer,2000000,1985,https://www.youtube.com/watch?v=ISUynYz93zY
121,uHqs15gOv4k,Norman Finkelstein vs Alan Dershowitz On Israel-Palestine War With Piers Morgan | The Full Debate,2000000,1600,https://www.youtube.com/watch?v=uHqs15gOv4k
122,Y-i2mJM4xm8,"Piers Morgan vs Vivek Ramaswamy on Israel-Hamas War: ""You Would Get American Hostages Only?""",2000000,5035,https://www.youtube.com/watch?v=Y-i2mJM4xm8
123,6islnl9EA64,"""Everybody At ITV Knew!"" Piers Morgan Reacts To Phillip Schofield Scandal",2000000,801,https://www.youtube.com/watch?v=6islnl9EA64
124,vIj4LUPlgKc,Piers Morgan vs Ron DeSantis | The Full UNCUT Interview,2000000,3917,https://www.youtube.com/watch?v=vIj4LUPlgKc
125,1XiE9BcNws8,PREVIEW: Cristiano Ronaldo says he feels 'BETRAYED' by Manchester United,2000000,115,https://www.youtube.com/watch?v=1XiE9BcNws8
126,nJFbqecGg7M,"""She LIED UNDER OATH!"" Sharon Osbourne Reacts To Amber Heard's LOSS v Johnny Depp",2000000,426,https://www.youtube.com/watch?v=nJFbqecGg7M
127,8CwuyoiVNAQ,“You Just Interviewed a TERRORIST!” Israel’s Occupation of West Bank | With Daniella Weiss,1900000,3768,https://www.youtube.com/watch?v=8CwuyoiVNAQ
128,42CM3zpY3Ic,"‘A Deal With The DEVIL’  Iran-Israel With Candace Owens, Glenn Beck & Bill O’Reilly",1900000,3952,https://www.youtube.com/watch?v=42CM3zpY3Ic
129,ImyTXp6Frn4,“COWARD!” Kanye West / Ye WALKS OUT On Piers Morgan Interview | With Sneako,1900000,1062,https://www.youtube.com/watch?v=ImyTXp6Frn4
130,Xz8OOo8wztA,“She Had The Hosts On Her Side!” Trump vs Harris Debate SUPER PANEL,1900000,4574,https://www.youtube.com/watch?v=Xz8OOo8wztA
131,vFIGqygzLOU,“I Want A Straight Month!” Piers Morgan Waves His STRAIGHT PRIDE Flag!,1900000,2107,https://www.youtube.com/watch?v=vFIGqygzLOU
132,GJDJySAJFwo,"""Flop After FLOP"" Woke Disney Debate With Nerdrotic And The Critical Drinker",1900000,1253,https://www.youtube.com/watch?v=GJDJySAJFwo
133,KX6d1q2dzQ4,Piers Morgan vs Steven Crowder | The Full Interview,1900000,1345,https://www.youtube.com/watch?v=KX6d1q2dzQ4
134,bWcHrjm7Ako,Piers Morgan vs Jordan Peterson | The Full Interview #2,1900000,3681,https://www.youtube.com/watch?v=bWcHrjm7Ako
135,QASReUZ3K8o,"Piers Morgan Challenges Alex Jones: ""You KNOW It's Nonsense!"" | The Full Debate",1900000,2249,https://www.youtube.com/watch?v=QASReUZ3K8o
136,HGmGZNIhAw0,BREAKING: Andrew Tate On Legal Win “Another Step Closer to Complete Exoneration!”,1800000,2501,https://www.youtube.com/watch?v=HGmGZNIhAw0
137,RXcfrfgSaBk,‘NEVER Seen Anything Like It’ Captain Steeeve on Air India ‘MURDER’ Theory,1800000,1708,https://www.youtube.com/watch?v=RXcfrfgSaBk
138,TlmgGGENVXE,"""This is NOT Our War!"" Israel Strikes Iran - Debate Feat Prof Marandi & Mehdi Hasan",1800000,4581,https://www.youtube.com/watch?v=TlmgGGENVXE
139,V8QFN8XmtMU,“You’re Killing Children DAILY” Piers Morgan BLASTS Israeli Ambassador | Feat Mustafa Barghouti,1800000,2937,https://www.youtube.com/watch?v=V8QFN8XmtMU
140,m2Zeen5KZTc,"""I HATE What He Stands For!"" | Eubank Jr vs Conor Benn | Face Off!",1800000,3841,https://www.youtube.com/watch?v=m2Zeen5KZTc
141,3oVQXO1quC4,“You Sound INSANE!” Cenk Uygur vs Andrew Wilson On Trump Pardons & More,1800000,2524,https://www.youtube.com/watch?v=3oVQXO1quC4
142,qz7S3ifgYtI,"“The Age of MAGA” Trump Sworn In At Inauguration, Biden Issues Pardons",1800000,4016,https://www.youtube.com/watch?v=qz7S3ifgYtI
143,3H4Tm6s0c0c,"""DESPICABLE!"" Heated Debate As Trump Picks RFK Jr, Tulsi Gabbard & Matt Gaetz",1800000,4964,https://www.youtube.com/watch?v=3H4Tm6s0c0c
144,bdtQRhu8IdM,Piers Morgan vs Robert F. Kennedy Jr. | The Full Interview,1800000,1221,https://www.youtube.com/watch?v=bdtQRhu8IdM
145,dYV5glYwCH8,Neil DeGrasse Tyson's Fascinating Interview With Piers Morgan,1800000,3043,https://www.youtube.com/watch?v=dYV5glYwCH8
146,kv5tXkmEMyo,"""Massive GRIFTER!"" Piers Morgan Grills Russell Brand On Allegations, Prison, 'Truth' & Religion",1700000,6617,https://www.youtube.com/watch?v=kv5tXkmEMyo
147,rYGVabrwthQ,"‘They Have His BLOOD on Their Hands!’ Charlie Kirk With Megyn Kelly, Jeffree Star & Nancy Mace",1700000,4298,https://www.youtube.com/watch?v=rYGVabrwthQ
148,uyzXA1HJlfw,“They’ll Do It Again and AGAIN!” Charlie Kirk Debate Causes Guest Storm-Out,1700000,4966,https://www.youtube.com/watch?v=uyzXA1HJlfw
149,J-v555ZnQVQ,“Do You Know How Many FAT Gazans I've Seen?” Bassem Youssef vs Jonathan Conricus,1700000,3036,https://www.youtube.com/watch?v=J-v555ZnQVQ
150,50CFOaCvDSw,'INCREDIBLE Claim' Giza Pyramids Discovery SPLITS Science World | Feat Miniminuteman,1700000,3630,https://www.youtube.com/watch?v=50CFOaCvDSw
151,joTCXKSR81o,'Feminist Nonsense!' Netflix 'Adolescence' Sparks Toxic Masculinity Debate | Feat Andrew Wilson,1700000,2477,https://www.youtube.com/watch?v=joTCXKSR81o
152,Baunu5oi5Sc,"""Weeping for MURDERERS!"" Immigration And Pardons Debate | Feat Lara Trump",1700000,3247,https://www.youtube.com/watch?v=Baunu5oi5Sc
153,pKCB-MhBP7I,"""A MASSIVE Cover-Up"" Jordan Peterson On Tommy Robinson & Grooming Scandal",1700000,4632,https://www.youtube.com/watch?v=pKCB-MhBP7I
154,Fqm2mJ9Qg74,“You Should Be ASHAMED!” Mehdi Hasan vs Ex-IDF Jonathan Conricus,1700000,2241,https://www.youtube.com/watch?v=Fqm2mJ9Qg74
155,7xdVdzaQzP8,"""WILDLY Unhinged"" Eric Weinstein On Terrence Howard's Science",1700000,3263,https://www.youtube.com/watch?v=7xdVdzaQzP8
156,7R4xMxOJLmk,"""This is NOT The Way To Defeat Hamas"" Piers Morgan vs Mehdi Hasan",1700000,2400,https://www.youtube.com/watch?v=7R4xMxOJLmk
157,sg7EQV_rxpU,Zlatan Ibrahimovic Explains Fallout With Pep Guardiola At Barcelona,1700000,608,https://www.youtube.com/watch?v=sg7EQV_rxpU
158,Gy_py-rBiQw,Piers Morgan vs Mikhaila Peterson And Jordan Peterson | The Full Interview,1700000,2899,https://www.youtube.com/watch?v=Gy_py-rBiQw
159,rKoE9RqpRB4,"""What Is Going On!"" Piers Morgan Reacts To Children Identifying As Animals In Schools",1700000,878,https://www.youtube.com/watch?v=rKoE9RqpRB4
160,1zzXZOICjWA,Piers Morgan Asks Roseanne Barr 'What Is A Woman?' And Addresses Controversy,1700000,946,https://www.youtube.com/watch?v=1zzXZOICjWA
161,0ICQsGZwu4M,"""It Presented Too Much Risk!"" Explorer Reacts To Deaths Of Titan Sub Passengers",1700000,425,https://www.youtube.com/watch?v=0ICQsGZwu4M
162,4SFHV75P3S4,Piers Morgan vs Bill Maher | The Full Interview,1700000,1325,https://www.youtube.com/watch?v=4SFHV75P3S4
163,gCisHM81EVA,Piers Morgan Asks Ben Shapiro 'What Is A Woman?',1700000,882,https://www.youtube.com/watch?v=gCisHM81EVA
164,GFqcb07VJz4,PREVIEW: Andrew Tate Defends Himself Against Piers Morgan,1700000,397,https://www.youtube.com/watch?v=GFqcb07VJz4
165,_rTrtvtXuBI,"'He BETRAYED MAGA!' Tim Dillon On Donald Trump, Tucker Carlson, Iran, Israel & More",1600000,2998,https://www.youtube.com/watch?v=_rTrtvtXuBI
166,eUjT-U4lSNg,'This Is GENOCIDE!' Mehdi Hasan vs Maj John Spencer on Gaza,1600000,1798,https://www.youtube.com/watch?v=eUjT-U4lSNg
167,C2R4S2JbDWU,"""Put Down The Dunkin' For a Second"" Feminism Debate Gets PERSONAL! Feat Andrew Wilson",1600000,2969,https://www.youtube.com/watch?v=C2R4S2JbDWU
168,ST2MOe3i8I4,"""SURELY You Can See This is Wrong?"" Neil deGrasse Tyson on Elon Musk, Mars, Trans Sports & More",1600000,2834,https://www.youtube.com/watch?v=ST2MOe3i8I4
169,HTbmpgam3uI,"""DON'T Go After My Wife!"" Trump Victory Debate Feat Roger Stone, Sean Spicer & Anthony Scaramucci",1600000,3583,https://www.youtube.com/watch?v=HTbmpgam3uI
170,UxAq8U4zpvk,“MAJOR Mistake” Kamala Harris Picks ‘Radical’ Liberal Tim Walz For VP,1600000,3134,https://www.youtube.com/watch?v=UxAq8U4zpvk
171,jKSFUGZdsMs,"""GASLIGHTING America"" US Election With Nancy Mace, Harry Sisson & More",1600000,4891,https://www.youtube.com/watch?v=jKSFUGZdsMs
172,Fv683IEQfkw,"""Joe Biden Has Gone To WAR"" President REFUSES To Stand Down",1600000,2572,https://www.youtube.com/watch?v=Fv683IEQfkw
173,_Jv0gvUk-fI,"'I Had To Apologise To Trump!' Glenn Beck on Biden, Israel, Palestine & More",1600000,3433,https://www.youtube.com/watch?v=_Jv0gvUk-fI
174,VwFmc6ouWQc,"""This Is Where We Draw The Line!"" | Iran Attacks Israel",1600000,2432,https://www.youtube.com/watch?v=VwFmc6ouWQc
175,B8YYmrgAeqw,Israel-Hamas War: 'Hamas Opened Up The Gates Of Hell' - Mosab Hassan Yousef Tells Piers Morgan,1600000,733,https://www.youtube.com/watch?v=B8YYmrgAeqw
176,BDg31ZI9fcs,"""Insufferable Whiny BRAT"" | 'WOKE' Snow White Actress Rachel Zegler SLAMMED By Tomi Lahren",1600000,452,https://www.youtube.com/watch?v=BDg31ZI9fcs
177,mdij3Eq0TqQ,Piers Morgan vs TikToker 'Mizzy' After His Arrest For His Pranks,1600000,679,https://www.youtube.com/watch?v=mdij3Eq0TqQ
178,6RiERG_4tig,Piers Morgan Meets Man Who Claims To Be REVERSE Ageing | Full Interview,1600000,2641,https://www.youtube.com/watch?v=6RiERG_4tig
179,adVdy1VX4NM,Student Keeps TRIGGERING Piers Morgan in Fiery Interview!,1600000,1140,https://www.youtube.com/watch?v=adVdy1VX4NM
180,05Ht361gLok,"'NOT America First!' Tucker Carlson On Iran, Trump, Ben Shapiro, Cruz & More!",1500000,4096,https://www.youtube.com/watch?v=05Ht361gLok
181,IZS1dVumDIg,"""A VERY Valuable Asset"" Epstein's Links To Mossad | Bassem Youssef vs Alan Dershowitz",1500000,3281,https://www.youtube.com/watch?v=IZS1dVumDIg
182,wy04CeNcy44,"Cristiano Ronaldo x Piers Morgan Part 2 | On Trump, Jota, World Cup & More",1500000,2451,https://www.youtube.com/watch?v=wy04CeNcy44
183,xR6qfM1QxBU,“UTTER Lack of Humanity!” Charlize Theron & Lily Allen’s ‘Toxic’ Feminism | With Jedediah Bila,1500000,3302,https://www.youtube.com/watch?v=xR6qfM1QxBU
184,JFBTccfWeB4,‘Piece Of SH*T!’ Andrew Wilson & His Wife Go To WAR With Feminist,1500000,2707,https://www.youtube.com/watch?v=JFBTccfWeB4
185,VPsMhYye7Uo,“This Is SUICIDAL!” US Missiles Fired As Putin Threatens Nukes,1500000,2581,https://www.youtube.com/watch?v=VPsMhYye7Uo
186,zdt_OHKyzU4,"“A Tall Glass Of SHUT UP Juice!” Blue Debate With Kyle Kulinski, Cenk Uygur & Harry Sisson",1500000,3411,https://www.youtube.com/watch?v=zdt_OHKyzU4
187,n4BJxyNQLOI,"""I'm Obnoxious? You Are A RACIST!” Election Special Feat. Sarah Palin & Destiny",1500000,3741,https://www.youtube.com/watch?v=n4BJxyNQLOI
188,0EOI2oCL_AM,“Under SIEGE” Second Assassination Attempt Made On Donald Trump,1500000,4432,https://www.youtube.com/watch?v=0EOI2oCL_AM
189,SsCMU8OCM0M,"""Nobody Cares She's Black, She's Terrible!"" Destiny vs Officer Tatum vs Cenk Uygur",1500000,3085,https://www.youtube.com/watch?v=SsCMU8OCM0M
190,_FXUK75AWRU,"“Jet Lag? It's a LIE!"" Biden-Trump Debate Feat Megyn Kelly & Dave Rubin",1500000,2910,https://www.youtube.com/watch?v=_FXUK75AWRU
191,QkGlt4G9h3Y,“He’s Just A Big Fat LIAR!” Donald Trump Guilty | Piers Morgan Debate,1500000,3875,https://www.youtube.com/watch?v=QkGlt4G9h3Y
192,z1JGpEg4zdA,"""You're LYING!"" Piers Morgan Hosts Debate On Iran, Israel And Hamas",1500000,3393,https://www.youtube.com/watch?v=z1JGpEg4zdA
193,cPw1x3gRxOA,"""DISGRACEFUL"" - Piers Morgan And His Pack vs @LibsofTikTok",1500000,1970,https://www.youtube.com/watch?v=cPw1x3gRxOA
194,dx_qCu7jF9U,Israel-Hamas War: Norman Finkelstein vs Rabbi Shmuley | Full Debate,1500000,2759,https://www.youtube.com/watch?v=dx_qCu7jF9U
195,8MGzU-FgRwE,"""Jewish Space Lasers? WHAT!?"" Piers Morgan SLAMS Marjorie Taylor Greene's Conspiracy Theory",1500000,743,https://www.youtube.com/watch?v=8MGzU-FgRwE
196,gma98QwZdZo,"""Why Won't You Call Hamas Terrorists?"" Piers Morgan vs Jeremy Corbyn Debate On Palestine And Israel",1500000,1091,https://www.youtube.com/watch?v=gma98QwZdZo
197,3hrFpIJHA9g,"""Are All Ships Racist!?"" Piers Morgan On Cancelling Football Badges",1500000,923,https://www.youtube.com/watch?v=3hrFpIJHA9g
198,WL0gAGdVlxU,"Bassem Youssef On Will Smith: ""Chris Rock's Revenge Was $40 Million From Netflix""",1500000,390,https://www.youtube.com/watch?v=WL0gAGdVlxU
199,zBI8vU7vadY,Can This Man PROVE God Built The Universe? Stephen Meyer Returns,1400000,2134,https://www.youtube.com/watch?v=zBI8vU7vadY
200,h166PVhG9Xk,‘Terrifying Things...’ Graham Hancock On Pyramids and Ark of The Covenant,1400000,3045,https://www.youtube.com/watch?v=h166PVhG9Xk
201,1bjIgLFxALc,"‘It’s ****ing WEIRD, Man’ Former CIA Spy Andrew Bustamante on Kirk, JFK & RFK Shootings",1400000,2059,https://www.youtube.com/watch?v=1bjIgLFxALc
202,xUK0Iexbyf4,"“CATASTROPHIC!"" Dennis Quaid On LA Wildfires | With Patrick Bet-David",1400000,4505,https://www.youtube.com/watch?v=xUK0Iexbyf4
203,2pNpjFUaHhs,"“WOEFULLY Incompetent” LA Wildfires, Gavin Newsom Crisis and DEI",1400000,5187,https://www.youtube.com/watch?v=2pNpjFUaHhs
204,tbC_ECJ7WpQ,“A Giant Sell-Out FRAUD!” Young Turks SHOWDOWN With Dave Rubin & Cenk Uygur!,1400000,4673,https://www.youtube.com/watch?v=tbC_ECJ7WpQ
205,2GgjqZtzfGw,"“You REAP What You SOW!” MEGA PANEL On Assad, Fauci & Jay-Z",1400000,5087,https://www.youtube.com/watch?v=2GgjqZtzfGw
206,yvrsn6uO5e8,"""Israel Has More Enemies Than EVER Before"" Lowkey vs Piers Morgan",1400000,2188,https://www.youtube.com/watch?v=yvrsn6uO5e8
207,l0zxgXgLlJo,"""I'd Vote For Trump - I DON'T Trust Harris"" Jordan Peterson On Election & 'Criminal' Trans Surgeries",1400000,3365,https://www.youtube.com/watch?v=l0zxgXgLlJo
208,knlq23eaWnI,"""Kamala Did NOT Win!"" Bill O'Reilly & Panel  Debate On Trump vs Harris",1400000,2764,https://www.youtube.com/watch?v=knlq23eaWnI
209,tApmG0nGC7g,"""You're a F***ing TERRORIST!"" | HasanAbi Clashes With pro-Israel Journalist",1400000,2342,https://www.youtube.com/watch?v=tApmG0nGC7g
210,DME_3KSWNUM,Jeffrey Epstein's Lawyer Alan Dershowitz vs Douglas Murray | Full Debate,1400000,1299,https://www.youtube.com/watch?v=DME_3KSWNUM
211,dtRJIm1bbU4,Piers Morgan vs Nick Kyrgios | The Full Interview,1400000,3094,https://www.youtube.com/watch?v=dtRJIm1bbU4
212,shYi54zFluQ,"""Israel Have A Track Record Of Lying!"" Piers Morgan and Owen Jones Debate Palestine Treatment",1400000,927,https://www.youtube.com/watch?v=shYi54zFluQ
213,dBhEhxly00M,"Israel-Hamas War: 'Palestinians Are Not Numbers, They're Human' | Piers Morgan vs Izzeldin Abuelaish",1400000,1160,https://www.youtube.com/watch?v=dBhEhxly00M
214,H-6keVsIOjo,"""You Can't Change Sex!"" LGB Alliance Founder Debates Transgender Inclusion",1400000,799,https://www.youtube.com/watch?v=H-6keVsIOjo
215,SQitG3NsRdk,"""I'm A Lesbian Woman Of Colour"" - Ryan Webb On Her Gender Identity Journey",1400000,646,https://www.youtube.com/watch?v=SQitG3NsRdk
216,XZqVw2UHeqY,"""Trans Athletes Won't Get Periods!"" Fiery Debate On Transgender Women In Sports",1400000,544,https://www.youtube.com/watch?v=XZqVw2UHeqY
217,hAqWOMmgTUY,Jordan Peterson Debates The Psychology Of Vladimir Putin With Piers Morgan,1400000,395,https://www.youtube.com/watch?v=hAqWOMmgTUY
218,_4uJ92Sqovg,"""Biological Boys Competing vs Girls Is NOT FAIR!"" Caitlyn Jenner on Lia Thomas | PMU",1400000,461,https://www.youtube.com/watch?v=_4uJ92Sqovg
219,m_BQNhEPkYo,"""Lying Us Into Wars Is TERRORISM!"" MAGA Feuds Over Trump-Iran | Feat. Bill O'Reilly",1300000,5311,https://www.youtube.com/watch?v=m_BQNhEPkYo
220,c3EBcvP88ys,"""You CAN'T Just DRILL Into It!” Giza Pyramids - Is The Truth Being Hidden? With Dr Zahi Hawass",1300000,2569,https://www.youtube.com/watch?v=c3EBcvP88ys
221,50K-dG_fiQI,"""He Wants to DESTROY America!” Rudy Giuliani vs Cenk Uygur on Zohran Mamdani",1300000,2709,https://www.youtube.com/watch?v=50K-dG_fiQI
222,vdZeFhvoCT0,“That’s a DUDE!” Trans High Jumper Wins in California + Leaked Report Says Khelif Is MALE,1300000,1554,https://www.youtube.com/watch?v=vdZeFhvoCT0
223,TRuhZO2dHLs,'HYPOCRITE!' Dave Smith on Douglas Murray Joe Rogan Debate | Feat Eric Weinstein,1300000,4018,https://www.youtube.com/watch?v=TRuhZO2dHLs
224,VVyrHlDLzW0,"""He’s TESTING The Limits"" Andrew Wilson vs Destiny On Trump, Musk, RFK Jr, Kanye & More",1300000,3500,https://www.youtube.com/watch?v=VVyrHlDLzW0
225,vnnU3CpGoGw,'Kanye Is EVIL!” Ye Censorship Debate | Feat Rabbi Shmuley & Myron Gaines,1300000,3075,https://www.youtube.com/watch?v=vnnU3CpGoGw
226,LGn-HPjLSKA,“Biden Is a SCUMBAG!” Does Hunter Pardon Prove Donald Trump Right?,1300000,4046,https://www.youtube.com/watch?v=LGn-HPjLSKA
227,ZO9Sv8duniY,“You’re SUCH a Smug PR*CK!” Dave Rubin vs David Pakman & More!,1300000,3428,https://www.youtube.com/watch?v=ZO9Sv8duniY
228,5TwY_AJFjJQ,“ALL-OUT WAR” Israel Attacks Lebanon | Rania Khalek x Gideon Levy x Alan Dershowitz,1300000,2537,https://www.youtube.com/watch?v=5TwY_AJFjJQ
229,IVjVDPle6a4,“You’re SUCH A Shameless Liar!” Israel-Iran Debate & Naftali Bennett,1300000,3450,https://www.youtube.com/watch?v=IVjVDPle6a4
230,MLuCfwNSZKc,"""Her Hypocrisies Are ASTOUNDING"" Winston Marshall On Taking On Nancy Pelosi",1300000,1160,https://www.youtube.com/watch?v=MLuCfwNSZKc
231,k1baOkIQOnU,“We’re Taking The Case Forward” Top Lawyer Chris Daw On Baby Reindeer,1300000,2039,https://www.youtube.com/watch?v=k1baOkIQOnU
232,bdw6qf0JEls,“How DARE You Call Me A Racist!” Piers Morgan vs Cornel West vs Cenk Uygur,1300000,2697,https://www.youtube.com/watch?v=bdw6qf0JEls
233,vlLubLH5QfE,"'Israel Started This... BIG Mistake!"" John Mearsheimer vs Piers Morgan",1300000,2192,https://www.youtube.com/watch?v=vlLubLH5QfE
234,4GqGCjSANWg,"Piers Morgan vs John Mearsheimer | On Putin, Israel-Hamas And More",1300000,2965,https://www.youtube.com/watch?v=4GqGCjSANWg
235,wikTgZa5XiA,"""An INSULT!"" Piers Morgan BLASTS Prince Harry Amid Claims He Wants To 'Serve' Royal Family",1300000,1799,https://www.youtube.com/watch?v=wikTgZa5XiA
236,5lkoBcVLUw8,"Piers Morgan Interviews Jay Leno on Donald Trump, David Letterman, Harvey Weinstein And More",1300000,4721,https://www.youtube.com/watch?v=5lkoBcVLUw8
237,af-Ep9yzN_8,"Israel-Hamas War: ""Do you condemn 9/11?"" Piers Morgan Debates Palestine With Panel",1300000,671,https://www.youtube.com/watch?v=af-Ep9yzN_8
238,NgF4SdFwzl0,"Missing Titanic Sub Latest: Ocean Expert Tells Piers Morgan ""I'm Hopeful!""",1300000,864,https://www.youtube.com/watch?v=NgF4SdFwzl0
239,6luOPy185yM,Piers Morgan Interviews The Woman Who Took Prince Harry's Virginity,1300000,1775,https://www.youtube.com/watch?v=6luOPy185yM
240,KiEXqVLGYg4,Piers Morgan Reacts To Sam Smith's 'Satanic' Grammys Performance,1300000,474,https://www.youtube.com/watch?v=KiEXqVLGYg4
241,7PNF-VpREIE,"""I Will Call Them HE Not HER!"" Matt Walsh's Views on Trans Prisoner",1300000,598,https://www.youtube.com/watch?v=7PNF-VpREIE
242,FwWFzoAxQvg,EXCLUSIVE: Ye Formerly Known As Kanye West Apologises For Anti-Semitic Tweet,1300000,330,https://www.youtube.com/watch?v=FwWFzoAxQvg
243,7Li7erGp46k,“YOU’RE The Evil Monster!” Mohammad Marandi vs Alan Dershowitz on Iran | Plus Netanyahu Spokesman,1200000,3112,https://www.youtube.com/watch?v=7Li7erGp46k
244,xQvhqt2r2l8,'I’m NOT Apologizing!' Clavicular FULL Interview With Piers Morgan,1200000,3496,https://www.youtube.com/watch?v=xQvhqt2r2l8
245,cfYtqzrjGgo,‘You Talk UTTER Sh*t!’ Piers Morgan LOSES It Over Epstein Claims | “Royal Family Could Be Swept Out”,1200000,2605,https://www.youtube.com/watch?v=cfYtqzrjGgo
246,0sF7U67gCus,"‘My STAFF Deleted My Tweets!’ Andrew Tate vs Piers Morgan on Epstein Files, Ye Song Scandal + More",1200000,2897,https://www.youtube.com/watch?v=0sF7U67gCus
247,2k0JdLWlmUk,‘Why NOW?’ Ian Maxwell Speaks As Sister Ghislaine Set To Be Questioned By DOJ Over Epstein Files,1200000,4390,https://www.youtube.com/watch?v=2k0JdLWlmUk
248,JVT8fbkwMGA,“Could Go HORRIBLY Wrong!” Konstantin Kisin vs Dave Smith on Iran-Israel & Trump,1200000,3620,https://www.youtube.com/watch?v=JVT8fbkwMGA
249,qNsCG7wUa2k,“You’re NOT a Serious Person!” Uncensored Christians Take On Jubilee Atheists!,1200000,3207,https://www.youtube.com/watch?v=qNsCG7wUa2k
250,LHDe-H__DBk,“Emotional CON ARTIST” Prince Harry’s Security Rant Targets King Charles,1200000,2588,https://www.youtube.com/watch?v=LHDe-H__DBk
251,0PDFD7jITh4,"""Somebody Got To Her"" Virginia Giuffre Father Interview + Evidence of 'Fake' Prince Andrew Photo",1200000,2749,https://www.youtube.com/watch?v=0PDFD7jITh4
252,cCsOLsB1MXU,'RACE BAITER!' Joy Reid FIRED & Jake Tapper Hypocrisy | With Sean Spicer,1200000,3480,https://www.youtube.com/watch?v=cCsOLsB1MXU
253,D3JzvP87Zu8,"""DISTURBING"" Alina Habba on Epstein Files & Tate Brothers + ""Putin Lickspittle"" George Galloway",1200000,5229,https://www.youtube.com/watch?v=D3JzvP87Zu8
254,GPxSVxYjM0I,"""MASS PSYCHOSIS"" Woke Bishop, Elon Musk Salute & Jan 6 Pardons",1200000,4369,https://www.youtube.com/watch?v=GPxSVxYjM0I
255,M-cXXtt81Zc,“Joe Biden REPEATEDLY Lied About This!” Fury As Hunter Biden Pardoned,1200000,3088,https://www.youtube.com/watch?v=M-cXXtt81Zc
256,u37WJn65oIE,“SHAME On You!” ICC Arrest Warrants Debate With Alan Dershowtiz & Francesca Albanese,1200000,4360,https://www.youtube.com/watch?v=u37WJn65oIE
257,W8TdJugjrCc,“Performative BULLSH*T!” Panel TEARS APART Snow White Remake,1200000,2298,https://www.youtube.com/watch?v=W8TdJugjrCc
258,JVKOz_eyxu4,'Kamala Harris Is Trump's Worst Nightmare!' George Santos vs Anthony Weiner,1200000,3030,https://www.youtube.com/watch?v=JVKOz_eyxu4
259,2Tc161ejp88,“His EGO Is Keeping Him In” Dave Rubin vs Harry Sisson on Joe Biden,1200000,2507,https://www.youtube.com/watch?v=2Tc161ejp88
260,YlOtL2eULJA,"""Israel's Government Is Filled With Fascists!"" Mehdi Hasan CONDEMNS Netanyahu",1200000,2959,https://www.youtube.com/watch?v=YlOtL2eULJA
261,9emmn2C0-Ro,“They’re Calling Him The DIDDLER!” DJ Vlad Discusses Diddy Allegations,1200000,1574,https://www.youtube.com/watch?v=9emmn2C0-Ro
262,n9CINf-rQUQ,"""The Most Immoral Man I've Ever Met"" | Piers Morgan vs Cenk Uygur And Rabbi Shmuley",1200000,2274,https://www.youtube.com/watch?v=n9CINf-rQUQ
263,c586OPde_NA,"Piers Morgan vs Jeffrey Sachs: ""Can You Not Find Anything Negative To Say About Putin?""",1200000,1683,https://www.youtube.com/watch?v=c586OPde_NA
264,H9Sqh8BGdZo,"""Why DID You Marry Him?!"" | Piers Morgan vs Hugh Hefner's Widow Crystal Hefner",1200000,1615,https://www.youtube.com/watch?v=H9Sqh8BGdZo
265,XGDU_XSZ-Gk,"Piers Morgan vs Patrick Bet-David | PBD Interview On Iran, Lionel Messi, Kobe Bryant and More",1200000,3923,https://www.youtube.com/watch?v=XGDU_XSZ-Gk
266,Dgyh8NX7pZU,"Piers Morgan vs Ben Shapiro on Facts, Donald Trump, Taylor Swift, Elon Musk And More",1200000,2769,https://www.youtube.com/watch?v=Dgyh8NX7pZU
267,QtcEAGG_tnU,"Israel-Palestine War: ""That's BULLSH*T!"" Piers Morgan Debates Hamas With Islamist Extremist Doctor",1200000,1188,https://www.youtube.com/watch?v=QtcEAGG_tnU
268,Gf7CTR0e7bg,"""Which Of My Pro-Palestinian Guests Expressed Support For Hamas?"" Piers Morgan Debate Gets HEATED",1200000,1014,https://www.youtube.com/watch?v=Gf7CTR0e7bg
269,cmjY-33AHxs,EXCLUSIVE: Zlatan Ibrahimovic On Erik Ten Hag's Struggles At Manchester United,1200000,251,https://www.youtube.com/watch?v=cmjY-33AHxs
270,anlwLZGmsS8,"""It's The WOMEN'S World Cup!"" Piers Morgan on Transgender Non-Binary Footballer Quinn",1200000,579,https://www.youtube.com/watch?v=anlwLZGmsS8
271,f6K78vjvTeo,Piers Morgan vs Gene Simmons From 'Kiss' | The Full Interview,1200000,2774,https://www.youtube.com/watch?v=f6K78vjvTeo
272,XYUTY4fTrk8,Piers Morgan Interviews Taxi Driver Of Harry and Meghan On Night Of 'Car Chase',1200000,323,https://www.youtube.com/watch?v=XYUTY4fTrk8
273,Z-fGmdy-RpE,"Andrew Tate's Lawyer On His Detainment: ""They're Controversial... That's Not A Crime!""",1200000,555,https://www.youtube.com/watch?v=Z-fGmdy-RpE
274,eyEuH4CAcZ8,"""You're Gonna End Up In A Nuclear War!"" Trump Discusses War in Ukraine | PMU",1200000,564,https://www.youtube.com/watch?v=eyEuH4CAcZ8
275,ncKtBiXm4aE,'Don't Know WHAT He Was Thinking...' Dave Smith Returns For Iran Debate 2! Plus Husam Zomlot,1100000,5550,https://www.youtube.com/watch?v=ncKtBiXm4aE
276,XLVjiLepNps,‘This Is SURRENDER’ Trump Iran Ceasefire Threat As Israel Bombs Beirut | With Megyn Kelly & Joe Kent,1100000,4794,https://www.youtube.com/watch?v=XLVjiLepNps
277,obQsUn0G0U4,‘Trump Needs to APOLOGIZE!’ Will Iran Claim Victory Over America? | Plus Professor Jiang Interview,1100000,3477,https://www.youtube.com/watch?v=obQsUn0G0U4
278,KyJudt9c8hc,“Trump Has UNLEASHED” US And Israel ATTACK Iran | With Mike Pence & Naftali Bennett,1100000,4184,https://www.youtube.com/watch?v=KyJudt9c8hc
279,CBvNpbK9iLc,“Get the F*** Out of Gaza!” Trump Seals Israel-Hamas Peace Deal | With Cenk Uygur & Daniella Weiss,1100000,4215,https://www.youtube.com/watch?v=CBvNpbK9iLc
280,auJIcQu5t2Q,"""DANCING On Charlie's Grave!"" Dennis Quaid on Kirk & Immigration | Dave Smith vs Officer Tatum",1100000,4161,https://www.youtube.com/watch?v=auJIcQu5t2Q
281,hFnJ68L2Qu4,“Unbelievably EVIL!” Israel Unleashes ‘Barbarity’ In Gaza + Dave Smith On Druze In Syria,1100000,3249,https://www.youtube.com/watch?v=hFnJ68L2Qu4
282,IqiJz-A6nnU,'People Got Bored Of YOUR Schtick!' Piers Morgan vs Joy Reid | With Michael Knowles,1100000,3624,https://www.youtube.com/watch?v=IqiJz-A6nnU
283,x46x6S2CZqk,"“It Ain’t Gonna Be YOU, Lady!” Dave Smith REFUSES To Be ‘Smacked Down’ By Elica Lebon on Iran-Israel",1100000,3552,https://www.youtube.com/watch?v=x46x6S2CZqk
284,ZePnamTanGc,‘Musk DERANGEMENT Syndrome!’ DOGE Legacy Debate | Scott Galloway vs Kevin O’Leary,1100000,2689,https://www.youtube.com/watch?v=ZePnamTanGc
285,5m7LnLgvMnM,“Don’t Talk About Physics Fight Club” Eric Weinstein vs Sean Carroll Science SHOWDOWN,1100000,3573,https://www.youtube.com/watch?v=5m7LnLgvMnM
286,pDARB3lQFe0,"""NOT A Strong Case!"" Lawyer Says Diddy Will Walk + Tony Buzbee Interview",1100000,1861,https://www.youtube.com/watch?v=pDARB3lQFe0
287,lAzmqnQqlxw,“I Care About Freedom Of Speech!” Piers Morgan vs ‘Racist’ | Shiloh Hendrix & Karmelo Anthony,1100000,3215,https://www.youtube.com/watch?v=lAzmqnQqlxw
288,5tfA9dGOwlY,"""There's A BOMBSHELL!"" Trump Releases JFK Files, CIA 'Involvement' & Oswald Silenced",1100000,2415,https://www.youtube.com/watch?v=5tfA9dGOwlY
289,jLthV5YQDhM,"""Conspiracy To SMEAR!"" Candace Owens BLASTS ""Media Trial"" Of Ye, Weinstein and Andrew Tate",1100000,2203,https://www.youtube.com/watch?v=jLthV5YQDhM
290,jdCc-mhoZXs,"""Rapidly Growing BLOODBATH!"" Can Trump Still Bring Peace? Feat Jeffrey Sachs vs Francis Fukuyama",1100000,3615,https://www.youtube.com/watch?v=jdCc-mhoZXs
291,03lydX8XHF4,"“This. Gets. WORSE!” Dave Rubin vs Gary Stevenson + Black Jesus, Tom Hanks & More",1100000,4924,https://www.youtube.com/watch?v=03lydX8XHF4
292,8Oxmw-SvSpI,"""Complete LUNATICS!"" Trump Trans Ban | Riley Gaines vs Blossom + Lord Coe",1100000,4448,https://www.youtube.com/watch?v=8Oxmw-SvSpI
293,1rdukOvjLCY,“BIBLICAL Levels Of Evil!” Trump Gaza Plan & Putin Peace Talks,1100000,3835,https://www.youtube.com/watch?v=1rdukOvjLCY
294,TwXHXHRTK-M,Can America Handle The TRUTH? Trump USAID Cuts With Eric Weinstein,1100000,2950,https://www.youtube.com/watch?v=TwXHXHRTK-M
295,LeXF_ohTzGw,"""Playing Hard Ball!” Trump's Gaza Plan | Mustafa Barghouti & Michael Knowles",1100000,5306,https://www.youtube.com/watch?v=LeXF_ohTzGw
296,DA7xBLwjnLU,"""I Didn’t STORM Anything!"" Jacob Chansley vs Capitol Riot Cop | Feat Victor Davis Hanson",1100000,4006,https://www.youtube.com/watch?v=DA7xBLwjnLU
297,GOf6QsKkxn0,“On A MISSION!” President Trump's Day One Executive Orders And Pardons,1100000,3460,https://www.youtube.com/watch?v=GOf6QsKkxn0
298,2g2QFitAFA8,"“Global SCANDAL!” Mehdi Hasan & Gad Saad On Grooming Gangs, Tommy Robinson & Elon Musk",1100000,3551,https://www.youtube.com/watch?v=2g2QFitAFA8
299,MoRx55G0LdE,“Communist SHILL!” Justin Trudeau Resigns + Debate On Elon Musk & Tommy Robinson,1100000,2679,https://www.youtube.com/watch?v=MoRx55G0LdE
300,_ZdV_5VzAuE,"“The World's Ultimate Wind-Up Merchant?” Graham Hancock on Pyramids, Atlantis & God",1100000,2304,https://www.youtube.com/watch?v=_ZdV_5VzAuE
301,m7AOuBfdKXQ,“Why The F*CK Are You Laughing?!” CEO Murder Arrest & Daniel Penny NOT GUILTY,1100000,2015,https://www.youtube.com/watch?v=m7AOuBfdKXQ
302,sowl3uFfDzc,“Gaza Is NO MORE” Norman Finkelstein vs Fleur Hassan | Israel Showdown,1100000,2871,https://www.youtube.com/watch?v=sowl3uFfDzc
303,Pu-u96oOmsc,“Stick To Your OWN Restroom!” Nancy Mace Trans Bill & Trump Plans | Feat Glenn Beck,1100000,3288,https://www.youtube.com/watch?v=Pu-u96oOmsc
304,wSgDjTheaSI,"""He’s NOT Hitler!"" Is Calling Trump Fascist the October Surprise?",1100000,2790,https://www.youtube.com/watch?v=wSgDjTheaSI
305,STBSaDn_q8g,"""Israel Does Not Give a DAMN!"" John Mearsheimer On Middle East War & Trump",1100000,1888,https://www.youtube.com/watch?v=STBSaDn_q8g
306,u9o0MoV2O_g,"""Do You Hold ALL Palestinians Culpable?"" Douglas Murray on Israel-Hamas, Riots & More",1100000,3069,https://www.youtube.com/watch?v=u9o0MoV2O_g
307,XtZil57YTtM,'His Eyes Turned Coal Black' Ted Bundy’s Cousin On Discovering He Was a Killer,1100000,2111,https://www.youtube.com/watch?v=XtZil57YTtM
308,LLezY3KzGJY,“He's A King Manipulator” P Diddy’s Bodyguard Makes Explosive New Claims,1100000,2036,https://www.youtube.com/watch?v=LLezY3KzGJY
309,EDHQ1Az3I6s,“I’ve Personally Emailed Richard Gadd” Piers Morgan’s Baby Reindeer Mailbag,1100000,866,https://www.youtube.com/watch?v=EDHQ1Az3I6s
310,nF2LXqM_CVs,“I'm Laughing In Your FACE” Cenk Uygur vs Emily Schrader On Iran-Israel,1100000,2467,https://www.youtube.com/watch?v=nF2LXqM_CVs
311,7ZEpPVOnIRM,Israel-Hamas: Norman Finkelstein vs Alan Dershowitz Round 2,1100000,2701,https://www.youtube.com/watch?v=7ZEpPVOnIRM
312,pNFZma-ZCdU,"Piers Morgan vs Ben Shapiro | On Israel-Hamas, Candace Owens And More",1100000,1735,https://www.youtube.com/watch?v=pNFZma-ZCdU
313,8JlMmm8PWjs,"""How DARE You!"" Destiny vs Benny Johnson vs Dave Smith Face-Off",1100000,2370,https://www.youtube.com/watch?v=8JlMmm8PWjs
314,jaDDeh3LyyU,"""Will They Poison Him?"" Piers Morgan Interviews Imran Khan's Sister Aleema Khan",1100000,1301,https://www.youtube.com/watch?v=jaDDeh3LyyU
315,DU9bl6n32LM,"Piers Morgan Says Royal Family Shocked At King Charles' Cancer - ""2 Days Ago Everything Seemed Fine""",1100000,1023,https://www.youtube.com/watch?v=DU9bl6n32LM
316,375LKfyoLEk,"""Do You Look At Me As The Muslim Basher?"" | Piers Morgan VS Dilly Hussain | #boycottpiersmorgan",1100000,1438,https://www.youtube.com/watch?v=375LKfyoLEk
317,LoWViuG5VYs,Piers Morgan vs Douglas Murray Under Fire At Israel-Gaza Border | Full Interview,1100000,1842,https://www.youtube.com/watch?v=LoWViuG5VYs
318,ENGXa6kP1zU,"DJ Vlad On Keefe D Interview, Confessing Murder Of Tupac: ""He Believed He Had Immunity""",1100000,405,https://www.youtube.com/watch?v=ENGXa6kP1zU
319,xH9y3ywS_vQ,Prime Minister Rishi Sunak's Full Interview With Piers Morgan,1100000,2586,https://www.youtube.com/watch?v=xH9y3ywS_vQ
320,99hloQaEPn4,"""This Is Radical LGBT GROOMING!"" Tomi Lahren On Teaching Gender Identity In School",1100000,818,https://www.youtube.com/watch?v=99hloQaEPn4
321,QPaGtOLkUt8,Qatar World Cup Chief Reveals Migrant Workers Death Toll To Piers Morgan,1100000,937,https://www.youtube.com/watch?v=QPaGtOLkUt8
322,NbVwYx4TQ68,"""Churchill Was A MONSTER!"" Piers Morgan Debates Winston Churchill With BLM Activist",1100000,854,https://www.youtube.com/watch?v=NbVwYx4TQ68
323,7RX2T_ejAuY,"""We Expected Him To Die"" Former Partner of George Michael On His Passing",1100000,804,https://www.youtube.com/watch?v=7RX2T_ejAuY
324,dbVdnL6HWOg,"""Heading For A Global DEPRESSION!"" Professor Jiang Debates Iran War, Trump And China Ties",1000000,2241,https://www.youtube.com/watch?v=dbVdnL6HWOg
325,jwbRwsyyjBc,"""Americans Are SICK Of This!"" Joe Kent v Alan Dershowitz On Iran & ‘Israel First’ + John Mearsheimer",1000000,3262,https://www.youtube.com/watch?v=jwbRwsyyjBc
326,0ehvW2FO5-8,"“It's An Act Of WAR!” Professor Jiang vs Gordon Chang On China, Iran & Trump | Plus Robert Pape",1000000,5466,https://www.youtube.com/watch?v=0ehvW2FO5-8
327,pkk1AZhuKro,“You Bombed SIX Countries!” Israel Continues Strikes in Lebanon | Mehdi Hasan vs Doron Spielman,1000000,2788,https://www.youtube.com/watch?v=pkk1AZhuKro
328,4DnDw7TIEoY,"""MENTALLY Unstable"" Trump Slams Pope & Tucker Carlson As US Iran War Blockade Begins",1000000,4611,https://www.youtube.com/watch?v=4DnDw7TIEoY
329,wC1KQGEV9a0,“Shut The F*CK Up!” Joe Kent Quits Over Israel & Trump Attacks ‘Weak’ NATO | With Glenn Beck,1000000,4151,https://www.youtube.com/watch?v=wC1KQGEV9a0
330,0wAHd_B_DLg,'Are You Pleased He's Dead?' Piers Morgan Grills Mehdi Hasan on Iran Ayatollah | Plus Sam Asghari,1000000,3457,https://www.youtube.com/watch?v=0wAHd_B_DLg
331,KmdmmHIG2U8,"“The World Has WOKEN UP” October 7, Two Years On | Feat Mehdi Hasan",1000000,3845,https://www.youtube.com/watch?v=KmdmmHIG2U8
332,Fkgx9oie_rM,“So Many Things Just DON'T Add Up!” Charlie Kirk Conspiracies With Piers Morgan,1000000,2235,https://www.youtube.com/watch?v=Fkgx9oie_rM
333,Pm-Yl-Lh8h4,"""All a LIE!"" Candace Owens vs Piers Morgan on Macron + Democrats Debate Future",1000000,4202,https://www.youtube.com/watch?v=Pm-Yl-Lh8h4
334,6Jph9iznn9k,"“The Beginning Of The END” Eric Weinstein & Bill O'Reilly on Trump, Epstein, Putin & Israel",1000000,3485,https://www.youtube.com/watch?v=6Jph9iznn9k
335,sV6N9TE_foU,"""ETHNIC CLEANSING!"" Israel-Hamas: Piers Morgan vs May Golan + 'The Beast From the Middle East'",1000000,4186,https://www.youtube.com/watch?v=sV6N9TE_foU
336,uHgEuMsdr2E,“China Want To Take Us OUT!” Trump Tariffs: A Method To The Madness? With Victor Davis Hanson,1000000,3563,https://www.youtube.com/watch?v=uHgEuMsdr2E
337,pWY-Js_-wdI,"""GOT To Be A COVER-UP!” Donald Trump Slams Drone Invasion, Claims ""Golden Age""",1000000,3337,https://www.youtube.com/watch?v=pWY-Js_-wdI
338,kJ5pYYve_HY,"""Are You DONE With The Russian Propaganda?!” Debate on Trump, Putin and WW3",1000000,3733,https://www.youtube.com/watch?v=kJ5pYYve_HY
339,KyNG7rKsU5I,"""WHY Are We Doing Netanyahu’s Bidding?"" Jeffrey Sachs On Syria, Assad & Putin",1000000,1741,https://www.youtube.com/watch?v=KyNG7rKsU5I
340,CHW1jbyw2-c,“Trump Will Bring Peace Through STRENGTH” Foreign Policy Debate Feat Clay Travis,1000000,3123,https://www.youtube.com/watch?v=CHW1jbyw2-c
341,Ff-5B7iHXqc,“I Requested 25 Times To Speak To Kamala!” Dr Phil Trump Speech Was ‘Act of REBELLION’,1000000,1960,https://www.youtube.com/watch?v=Ff-5B7iHXqc
342,qK91RVed_k4,"""They Are GARBAGE!” Fiery US Election Debate Feat Eric Weinstein & Steven Crowder",1000000,4198,https://www.youtube.com/watch?v=qK91RVed_k4
343,nS-1ACdzUhE,“I’m Gonna KICK YOUR ASS!” Biden Calls Trump Supporters 'Garbage',1000000,3473,https://www.youtube.com/watch?v=nS-1ACdzUhE
344,XakA50Dp1XM,'They DO Not Like Us Talking About Them' MORE Names to Come Out in Diddy Scandal,1000000,2368,https://www.youtube.com/watch?v=XakA50Dp1XM
345,Rswc55kzvIk,“It Will Be Won With MEN” Identity Politics In The US Election Feat Tim Pool,1000000,3036,https://www.youtube.com/watch?v=Rswc55kzvIk
346,rai_sj91Mts,“We Will NEVER Be Morally Responsible” Palestinian Ambassador vs Ex Israeli Prime Minister,1000000,3244,https://www.youtube.com/watch?v=rai_sj91Mts
347,Uo5lMbm5CT0,"""Kamala Chameleon!"" Clay Travis vs Cenk Uygur on Vice President Harris's 'Flip-Flopping'",1000000,2779,https://www.youtube.com/watch?v=Uo5lMbm5CT0
348,_i5K3ylGGmU,"“MASS Psychosis"" CIA Spy Andrew Bustamante On Trump Attack",1000000,1773,https://www.youtube.com/watch?v=_i5K3ylGGmU
349,hKeeLoNDEU4,“A Machine Of LIES” - Israel Bombs Beirut After Playing Fields Attack,1000000,2689,https://www.youtube.com/watch?v=hKeeLoNDEU4
350,i9fQn6u-wg8,"“Hamas Aren’t Oppressed, They’re Billionaires!” Elica Le Bon Exposes Hypocrisy",1000000,2793,https://www.youtube.com/watch?v=i9fQn6u-wg8
351,Ckbc1ORrr28,Are The Oscars FINISHED? | Nerdrotic And The Critical Drinker With Piers Morgan,1000000,1989,https://www.youtube.com/watch?v=Ckbc1ORrr28
352,q_ocLzYF9K8,"Piers Morgan vs Jocko Willink | On Israel-Hamas, Putin And More",1000000,2330,https://www.youtube.com/watch?v=q_ocLzYF9K8
353,TfkkCxoDK_w,Jay Leno's Garage: Piers Morgan Shows Leno HIS Car After Taking Tour,1000000,818,https://www.youtube.com/watch?v=TfkkCxoDK_w
354,s_aBy8yeKcA,Piers Morgan vs Former Israeli PM Ehud Barak Over Palestine Treatment | The Full Interview,1000000,871,https://www.youtube.com/watch?v=s_aBy8yeKcA
355,0lhgJWVENgI,"""You Can't Blame All Palestinians For Hamas!"" Grace Blakeley and Piers Morgan Debate Israel War",1000000,739,https://www.youtube.com/watch?v=0lhgJWVENgI
356,C0ARTJRYNZk,“Men SHOULD Be Frightened!” Ava debates Panel on MeToo Movement’s Effect On Men,1000000,819,https://www.youtube.com/watch?v=C0ARTJRYNZk
357,yH-AMeS9230,Trans Activist SWEARS At Piers Morgan On Live TV! | PMU,1000000,687,https://www.youtube.com/watch?v=yH-AMeS9230
358,yNt0mjuza6A,"“Big Balls Are BACK!” Trump Soars In Polls, DOGE Hires Teens, Super Bowl & More",999000,3435,https://www.youtube.com/watch?v=yNt0mjuza6A
359,Sh6_LwDS_1A,“It's NOT The New Normal!” Nancy Mace Fights Back | With Kari Lake & Brian Tyler Cohen,997000,3443,https://www.youtube.com/watch?v=Sh6_LwDS_1A
360,16EA7hbqQEU,"""Will You Give ANY Condemnation Of Hamas?"" Israel-Palestine Debate | Abby Martin vs Emily Schrader",996000,2174,https://www.youtube.com/watch?v=16EA7hbqQEU
361,F62-V9j5OSs,"“Their Own Worst ENEMY!” Schumer BETRAYS Democrats, Fauci 'Autopen' Pardon And Putin Call",995000,3722,https://www.youtube.com/watch?v=F62-V9j5OSs
362,T98tyidUq2U,"""They Tarnished Cricket FOREVER!"" Sir Geoffrey Boycott On Australia's Controversial Win",993000,915,https://www.youtube.com/watch?v=T98tyidUq2U
363,UNKH7HGdmuM,"Dr Phil On Oprah's Weight-loss Scandal, 'Broken' America And More",992000,2435,https://www.youtube.com/watch?v=UNKH7HGdmuM
364,mULVrUGh6wo,“This Is Gonna Get Us ALL Blown Up!” Jeffrey Sachs On Russian Invasion,990000,1984,https://www.youtube.com/watch?v=mULVrUGh6wo
365,_opAun6NEEY,"""You've Just Committed Libel!"" Piers Morgan's HEATED Debate With Eco Protester",987000,800,https://www.youtube.com/watch?v=_opAun6NEEY
366,nLt13WTzB0g,“Wicked Is The Ninth Circle of HELL!” Liberals TRIGGERED | Plus Bizarre Woke Jaguar Ad,986000,1857,https://www.youtube.com/watch?v=nLt13WTzB0g
367,O17MPr7qE24,Piers Morgan vs Benjamin Netanyahu | FULL Interview With Israeli Prime Minister,984000,2095,https://www.youtube.com/watch?v=O17MPr7qE24
368,iQXnpGNx6tE,"Piers Morgan vs Elle Brooke - ""My Kids Can Cry In A Ferrari""",983000,584,https://www.youtube.com/watch?v=iQXnpGNx6tE
369,PWaKDbNH4cU,Piers Morgan's FIERIEST Clashes With Just Stop Oil Protesters,983000,943,https://www.youtube.com/watch?v=PWaKDbNH4cU
370,V2EGmmoCxro,"“Pathetic, To The CORE!"" Jordan Peterson On Trump Tariffs, Adolescence & More",982000,4349,https://www.youtube.com/watch?v=V2EGmmoCxro
371,FFCgAny1-FQ,‘Deliberately Killing Kids!’ Netanyahu Leaves Trump With ‘NO Endgame’ | With Mehdi Hasan,979000,3614,https://www.youtube.com/watch?v=FFCgAny1-FQ
372,cqcbyBzfkkM,"Israel-Hamas War: Piers Morgan Vs Palestinian Mustafa Barghouti - ""I Want To Finish!""",978000,512,https://www.youtube.com/watch?v=cqcbyBzfkkM
373,YNcyU4YSp3w,“BRAZEN Aggression!” Norman Finkelstein vs Jonathan Conricus On Israel-Lebanon Operation + Iran War,977000,3073,https://www.youtube.com/watch?v=YNcyU4YSp3w
374,hwO3YXoAh0U,“A WAR CRIME By All Means” Israel vs Hezbollah Debate Feat Elica Le Bon & Aaron Maté,977000,3365,https://www.youtube.com/watch?v=hwO3YXoAh0U
375,ytJN__6V50U,“It’s INSULTING!” Matt Walsh On Kamala’s Changing Accent And Race Hysteria,975000,1478,https://www.youtube.com/watch?v=ytJN__6V50U
376,5PMuXgU09vA,'NOBODY Wants US To Intervene!' Trump Threatens Iran | With Patrick Bet-David,974000,4911,https://www.youtube.com/watch?v=5PMuXgU09vA
377,ZuS4QwGemKk,"Piers Morgan vs Megyn Kelly | On Donald Trump, Kate Middleton And More",974000,1983,https://www.youtube.com/watch?v=ZuS4QwGemKk
378,psUFb1DKeAM,Israel-Hamas War: Piers Morgan And Douglas Murray vs Pro-Palestinians Over Hamas Attacks,974000,1464,https://www.youtube.com/watch?v=psUFb1DKeAM
379,_rssgvWRgWU,"'Burning EVERYTHING Down!' Tim Pool, Milo Yiannopoulos & Steven Crowder Talk Fuentes, Candace & More",972000,3708,https://www.youtube.com/watch?v=_rssgvWRgWU
380,bikFQyrMg5o,"Piers Morgan vs Sean Penn | Full Interview on Israel-Hamas War, Matthew Perry, Hollywood And More",970000,4131,https://www.youtube.com/watch?v=bikFQyrMg5o
381,UiL5SqHQ9Kc,‘He’d Be More Happy In PRISON’ Suge Knight Spills On Diddy From Behind Bars,969000,2787,https://www.youtube.com/watch?v=UiL5SqHQ9Kc
382,O2xMvvdUcMQ,"""It's Not Illegal To Be WHITE!"" Piers Morgan Defends Royal Family's 'White Balcony'",968000,442,https://www.youtube.com/watch?v=O2xMvvdUcMQ
383,L3NJYeDhJJQ,“Expect Mega-Deaths” Norman Finkelstein vs Yishai Fleisher,964000,3369,https://www.youtube.com/watch?v=L3NJYeDhJJQ
384,oK6Fin42Yag,"""Prince Harry is BULLYING the Royal Family!"" Piers Morgan Reacts to 'Spare' Media Tour",963000,1278,https://www.youtube.com/watch?v=oK6Fin42Yag
385,akJOXZpMt0w,"""A Rebel At Heart"" - Piers Morgan Pays Touching Tribute To Sinead O'Connor",959000,400,https://www.youtube.com/watch?v=akJOXZpMt0w
386,XhW1oApxw74,“MAGA Is DEAD!” Carrie Prejean Boller on Trump's Iran War |  Plus Bassem Youssef On Ben Shapiro,956000,4498,https://www.youtube.com/watch?v=XhW1oApxw74
387,ciAxJJu4zAY,"""It's INSANE!"" Michael Jackson Neverland Director Makes Shock Claims",947000,2618,https://www.youtube.com/watch?v=ciAxJJu4zAY
388,p7iXbKvNZRM,“You Advocate For The DEVIL” Professor DEFENDS Dead Iran President Raisi,946000,3151,https://www.youtube.com/watch?v=p7iXbKvNZRM
389,HLObE0dj3v0,“Israel's FAVOURITE Cheerleader!” Oct 7 One Year On | Norman Finkelstein & Naftali Bennett,941000,3315,https://www.youtube.com/watch?v=HLObE0dj3v0
390,vddDs282xxw,"""Don't Trust Him With ANYTHING!"" MAGA Meta, Musk & Trump Greenland 'Invasion'",937000,3152,https://www.youtube.com/watch?v=vddDs282xxw
391,VVEirdEcGio,Piers Morgan Reveals The 'Racist' Royals Named In Omid Scobie's Book,937000,1477,https://www.youtube.com/watch?v=VVEirdEcGio
392,MMn5_KldpKg,"""Complete Clean Sweep"" Election Special Feat. Tim Pool, Zachary Levi & Kevin McCarthy",936000,3739,https://www.youtube.com/watch?v=MMn5_KldpKg
393,ppqzv9qdoIQ,"""It's RANK Hypocrisy"" Piers Morgan Slams 'Woke' Met Gala's 'Double Standards'",934000,286,https://www.youtube.com/watch?v=ppqzv9qdoIQ
394,jAkK5xz7OAg,"""You’re a CUCK!"" Trump Global Chaos Debate | With Dave Smith & Michael Knowles",931000,3768,https://www.youtube.com/watch?v=jAkK5xz7OAg
395,hdEL1YNoHak,“Up To 500 Witnesses!” Is There PROOF of Jesus Christ’s Resurrection? Wesley Huff Interview,928000,3365,https://www.youtube.com/watch?v=hdEL1YNoHak
396,r7hb7TUfvZU,"""Trump Is FEARED"" and ""Kamala ISN’T Presidential"" | Vincent Oshana x Cenk Uygur x Scaramucci",927000,3240,https://www.youtube.com/watch?v=r7hb7TUfvZU
397,x45HxqT198Y,'You Want The World To Think It Was ISRAEL?' Piers Morgan vs Bassem Youssef on Charlie Kirk,926000,2241,https://www.youtube.com/watch?v=x45HxqT198Y
398,nkK312fMPsQ,‘He’ll Live to REGRET It!’ Reaction To Nick Fuentes vs Piers Morgan Interview | With Dr Phil,920000,4159,https://www.youtube.com/watch?v=nkK312fMPsQ
399,8tJNW87bmlg,Every Time Piers Morgan DESTROYED Meghan Markle and Prince Harry,918000,1241,https://www.youtube.com/watch?v=8tJNW87bmlg
400,Xj_YlLKSYi8,Piers Morgan vs Stormy Daniels | The Full Interview,917000,5400,https://www.youtube.com/watch?v=Xj_YlLKSYi8
401,1V2naVd2JWQ,“Completely EVIL!” Marjorie Taylor Greene Wants Trump Removed Over Iran | Plus Andrew Wilson Returns,916000,3690,https://www.youtube.com/watch?v=1V2naVd2JWQ
402,nvv3ofZV5YE,"""Make America WEALTHY Again!"" Trump Liberation Day Tariffs EMERGENCY Debate",916000,2641,https://www.youtube.com/watch?v=nvv3ofZV5YE
403,-mlVhRPcwL8,"“I’d Rather DIE Than Bend The Knee!” Megyn Kelly, Scott Galloway & More On Super Bowl Show",915000,4433,https://www.youtube.com/watch?v=-mlVhRPcwL8
404,cHLaZ5Ckhp0,“EXACTLY What I Voted For!” Elon Musk Crisis & Tulsi Gabbard Confirmed,914000,3462,https://www.youtube.com/watch?v=cHLaZ5Ckhp0
405,j8G-iISiNl0,'I Don't Think He'll Come Clean' | Who Killed Tupac? Mopreme Shakur On Diddy,914000,2374,https://www.youtube.com/watch?v=j8G-iISiNl0
406,tm-ouSZnC-E,‘Come CLEAN!’ Virginia Giuffre Lawyer DEMANDS Apology From Prince Andrew,912000,1839,https://www.youtube.com/watch?v=tm-ouSZnC-E
407,BKlAkjh79HA,“Big BULLY!” | Trump Accuses China Of Russia & India Axis Feat. Dave Smith,911000,3587,https://www.youtube.com/watch?v=BKlAkjh79HA
408,aaLMsEJKZEQ,‘He Knew Last Show Would Kill Him’ Ozzy Osbourne’s Final Moments | Sharon Osbourne Interview,907000,3878,https://www.youtube.com/watch?v=aaLMsEJKZEQ
409,nygFADn09sw,“Heading To WORLD WAR 3!” Israel & US 'Armageddon' in Iran | Feat. Jeffrey Sachs,905000,3774,https://www.youtube.com/watch?v=nygFADn09sw
410,wlUJTGuYb4U,‘You WON’T Silence Me!’ Gaza War + Greta Thunberg ‘Stunt’ | Piers Morgan Debate,902000,3276,https://www.youtube.com/watch?v=wlUJTGuYb4U
411,ITLeDnCZSgU,"""DEALMAKER"" Trump Tariffs & Washington Plane Crash Uncovered | Plus Dana White Uncensored!",902000,5524,https://www.youtube.com/watch?v=ITLeDnCZSgU
412,LoTJU-DaPHk,"""Not Sure He Would Even Take His Call!"" Top Trump Advisor Says He Could be DONE With Zelensky",901000,3404,https://www.youtube.com/watch?v=LoTJU-DaPHk
413,sgy8YfzULzM,"“Timestamps Just DON'T Add Up"" Air India Crash With Captain Steeeve + Boeing Whistleblower",897000,2265,https://www.youtube.com/watch?v=sgy8YfzULzM
414,YbDhQVUd7hA,“You’re Being a BABY!” Mehdi Hasan vs Dan Crenshaw on DOGE + Democrats Disarray,897000,4743,https://www.youtube.com/watch?v=YbDhQVUd7hA
415,pNUpxH99Wnc,"“UTTERLY Reprehensible!"" Democrats Protest Trump Speech + Brian Glenn on Zelensky Suit 'Ambush'",897000,3708,https://www.youtube.com/watch?v=pNUpxH99Wnc
416,0wdtljAyOi4,'Debate Me on IRANIAN TV!' Iran War Debate Feat Mohammad Marandi,896000,3980,https://www.youtube.com/watch?v=0wdtljAyOi4
417,v2fo_HvcDoY,"Destiny vs Piers Morgan | On Trump, Biden, Israel-Hamas And More",896000,2130,https://www.youtube.com/watch?v=v2fo_HvcDoY
418,3bhq9EK4xXE,"""You're A Complete HALFWIT!"" Piers Morgan Furiously CLASHES With Guest On Israel-Hamas Ceasefire",894000,2758,https://www.youtube.com/watch?v=3bhq9EK4xXE
419,Y_ZmuRppsvY,“Tom Cruise Is IRRELEVANT!” Mickey Rourke On Top Gun: Maverick Star,891000,892,https://www.youtube.com/watch?v=Y_ZmuRppsvY
420,BbwKTQ3Zp8g,"""Men Tend To Be Better People!"" Pearl Davis On Feminism And 'Traditional' Wives",890000,727,https://www.youtube.com/watch?v=BbwKTQ3Zp8g
421,l2QOyxuqXcQ,"""Ceasefire Will NOT Hold"" Trump's Gaza Peace Deal | John Mearsheimer x Piers Morgan",887000,1692,https://www.youtube.com/watch?v=l2QOyxuqXcQ
422,xtvyZ4A6eM8,“Half The Crap YOU Say Is BS!” Roseanne Barr’s WILDEST Interview Ever!,884000,2291,https://www.youtube.com/watch?v=xtvyZ4A6eM8
423,v8y5_gGF9H8,"""We Don't Know How Long We Have Left"" Eric Weinstein On Nuclear Threat To Humanity",884000,3059,https://www.youtube.com/watch?v=v8y5_gGF9H8
424,T76MYp1KW7g,“A Sense Of BETRAYAL!” Trump ‘Folds’ On Iran + Valentina Gomez BANNED From UK,883000,5174,https://www.youtube.com/watch?v=T76MYp1KW7g
425,M9A4XhQsW98,“Professional CON MAN” Prince Andrew Epstein Leaks Cause ‘Major Crisis’ For Royals,880000,2170,https://www.youtube.com/watch?v=M9A4XhQsW98
426,ZhZ6YoLFb7w,“Putin’s B*TCH!” Trump Brands Zelensky a ‘Dictator’,879000,3988,https://www.youtube.com/watch?v=ZhZ6YoLFb7w
427,gPwqDGnTMuc,"“It’s TREASON” Scott Horton vs General Wesley Clark On Syria, Putin & Trump War Strategy",876000,3558,https://www.youtube.com/watch?v=gPwqDGnTMuc
428,KfSNryS2CsA,"""Scripted CHARADE"" Piers Morgan On  'Manufactured' Kamala Harris | Feat Vivek Ramaswamy",871000,3823,https://www.youtube.com/watch?v=KfSNryS2CsA
429,mhNYu4gElKk,Piers Morgan vs Joey Barton And Pearl Davis On Female Football Commentators And 'Tokenism',870000,1475,https://www.youtube.com/watch?v=mhNYu4gElKk
430,eEwYsdxUz8E,Piers Morgan DESTROYS 'Woke' HSBC Advert Featuring Emma Raducanu,867000,401,https://www.youtube.com/watch?v=eEwYsdxUz8E
431,ghZj3oPknKI,"""Just a P*RN Film!"" Anora Wins Best Picture | Oscars With Critical Drinker & Nerdrotic",866000,2204,https://www.youtube.com/watch?v=ghZj3oPknKI
432,gBr_9NpEOVM,"""He's a W*NKER!"" Pete Hegseth, Trump Hostage Deal & LA Wildfires",864000,3632,https://www.youtube.com/watch?v=gBr_9NpEOVM
433,uW3AI4FIyUE,“You Know NOTHING!” Prince Andrew Under FIRE After Epstein Claims In Virginia Giuffre Memoir,863000,3568,https://www.youtube.com/watch?v=uW3AI4FIyUE
434,wlBju7dUMoM,Gene Simmons Tells Piers Morgan He Thinks Donald Trump Will Win Next Election,863000,435,https://www.youtube.com/watch?v=wlBju7dUMoM
435,Sz6sObLShBo,Piers Morgan Now Identifies As A Cat...🐈,860000,368,https://www.youtube.com/watch?v=Sz6sObLShBo
436,tx6UQwVLcdg,Kate Middleton Cancer: Piers Morgan Reacts With Sarah Hewson,856000,478,https://www.youtube.com/watch?v=tx6UQwVLcdg
437,GBWs1ngi9pI,Piers Morgan DESTROYS Prince Harry and Meghan Markle's Netflix Show,856000,514,https://www.youtube.com/watch?v=GBWs1ngi9pI
438,rsNziZowi6o,"""You're Going To Kill CIVILIANS!"" Israel-Rafah Debate | Piers Morgan",852000,2723,https://www.youtube.com/watch?v=rsNziZowi6o
439,fAsTcKl9WRM,"""What If Haaland Identified As A Woman?"" Piers Morgan SLAMS Megan Rapinoe Over Trans Athlete Debate",852000,236,https://www.youtube.com/watch?v=fAsTcKl9WRM
440,zKH3ngmN78o,"""Days of THUNDER"" Steve Bannon on Trump 2028, Elon Musk Feud & Jail",850000,2945,https://www.youtube.com/watch?v=zKH3ngmN78o
441,y_lTmyxQhvw,“It's CHILD ABUSE!” US House School Sports Trans Ban Debate With Tomi Lahren & Eli Erlick,850000,3006,https://www.youtube.com/watch?v=y_lTmyxQhvw
442,B3q6SN2KHy8,Piers Morgan and Douglas Murray React To Man Punching Just Stop Oil Protester,850000,492,https://www.youtube.com/watch?v=B3q6SN2KHy8
443,ERSYvw2LIv8,"Israel-Palestine War: ""She's Borderline A Terrorist!"" Piers Morgan Guests Clash Over October 7",849000,744,https://www.youtube.com/watch?v=ERSYvw2LIv8
444,pa4a7tdkGOs,"""Prince William Is Trying To Cover Something Up!"" Kate Middleton Controversy",848000,2390,https://www.youtube.com/watch?v=pa4a7tdkGOs
445,t2-EG-SS_Lo,"""Andrew Tate IS A MISOGYNIST!"" Panel Debate If Andrew Tate Hates Women",848000,583,https://www.youtube.com/watch?v=t2-EG-SS_Lo
446,3Ns1xCCXhIc,"Piers Morgan Is STUNNED By Ex-Teacher's Views On Islam: ""It's An Abomination!""",843000,702,https://www.youtube.com/watch?v=3Ns1xCCXhIc
447,Eqzb6KCUgBo,'KGB Have You By The Balls!' Trump vs Putin | War + Tariffs With Jeffrey Sachs,841000,3187,https://www.youtube.com/watch?v=Eqzb6KCUgBo
448,luTHVKFi3dc,"'Left-Wing Zombie Establishment' Billionaire Peter Thiel on Trump, Elon Musk, Technology And God",838000,5277,https://www.youtube.com/watch?v=luTHVKFi3dc
449,SXw_ImU1Izg,“Respect The Rule of LAW!” Sons of Imran Khan Speak Of Assassination Fears | Piers Morgan,836000,1501,https://www.youtube.com/watch?v=SXw_ImU1Izg
450,OpnR_ylxQOI,"""I Said Too Much"" Oscar Pistorius BOMBSHELL | Plus Trump South Africa ""Genocide""",836000,3416,https://www.youtube.com/watch?v=OpnR_ylxQOI
451,BN5bPP8UhsU,"""What I Smell Is FEAR"" Israel-Palestine Conflict Latest",836000,3872,https://www.youtube.com/watch?v=BN5bPP8UhsU
452,yWibzC_jN_o,”This Is Stalinism!” David Pakman vs Benny Johnson on Trump,832000,1845,https://www.youtube.com/watch?v=yWibzC_jN_o
453,ae3x22zzg9Y,Piers Morgan Debates Oxford Student Over Gender Critic Kathleen Stock,832000,967,https://www.youtube.com/watch?v=ae3x22zzg9Y
454,RHl9Fklhj-w,'Trump Has Been Martyred!' Destiny vs Benny Johnson vs Dave Smith,831000,2668,https://www.youtube.com/watch?v=RHl9Fklhj-w
455,sLSGV7qFBQ4,“DISGUSTING” ’Sick' Hamas Parade + Trump-Russia Deal,827000,3336,https://www.youtube.com/watch?v=sLSGV7qFBQ4
456,vrCACy3fExk,“You've LOST Your Marbles!” George Galloway Walks Out on Piers Morgan During Iran Debate,826000,2475,https://www.youtube.com/watch?v=vrCACy3fExk
457,OulYpv9abRQ,“Going To Change HISTORY” Mamdani WINS NYC Mayoral Election | With Vinny Oshana,824000,2755,https://www.youtube.com/watch?v=OulYpv9abRQ
458,C05d8jURPM4,“Hateful CLOWN!” Minnesota Somali Fraud Scandal | Piers Morgan Calls Out Valentina Gomez,822000,3379,https://www.youtube.com/watch?v=C05d8jURPM4
459,L6CN4DwUanE,"""Trans People Are ALLOWED To Be OFFENDED!"" Trans Comedian on Ricky Gervais' Comedy",822000,507,https://www.youtube.com/watch?v=L6CN4DwUanE
460,6A0cVXu-k4c,“Trying To Put A TARGET On Me?!” Mehdi Hasan vs Jonathan Conricus On Israel-Gaza 'Genocide',821000,2929,https://www.youtube.com/watch?v=6A0cVXu-k4c
461,-C6OHa4b0fY,“DEEPLY Disturbing And Shocking!” US Fascism With Mehdi Hasan & Victor Davis-Hanson,821000,2884,https://www.youtube.com/watch?v=-C6OHa4b0fY
462,YoOuftIiOwY,“I Don’t Give a **** About Your Show!” Jake Paul ENDS Piers Morgan Interview! With Chavez Jr,820000,1122,https://www.youtube.com/watch?v=YoOuftIiOwY
463,TzzySbUXSlI,“TOTAL Betrayal!” Trump: US Could Strike Iran | With Senator Rand Paul + Scott Horton,820000,4134,https://www.youtube.com/watch?v=TzzySbUXSlI
464,DZ7qdSMD17w,Piers Morgans DESTROYS Vegan For Not Caring About ALL Animals' Rights,820000,694,https://www.youtube.com/watch?v=DZ7qdSMD17w
465,kF1gME9jnqA,Imran Khan’s FULL Interview With Piers Morgan On Surviving Assassination Attempt,820000,1995,https://www.youtube.com/watch?v=kF1gME9jnqA
466,haOCDAIfz_U,"""EMBARRASSING To Trump"" Israel Attacks Qatar + Russian Drones Sighted | With Jeffrey Sachs",819000,2790,https://www.youtube.com/watch?v=haOCDAIfz_U
467,FAe2ZrTCxiI,Putin's 'Oldest Enemy' Reacts To Tucker Carlson Interview And Alexei Navalny's Death,817000,1856,https://www.youtube.com/watch?v=FAe2ZrTCxiI
468,ul-yzKQThWM,‘Time To FINISH The Job’ | Trump Strikes Nuclear Sites | Iran Attacks US Bases,815000,4729,https://www.youtube.com/watch?v=ul-yzKQThWM
469,vE_1cNdW29I,"""I Might Throw Up!"" Sharon Osbourne and Piers Morgan React To Gwyneth Paltrow Trial",814000,472,https://www.youtube.com/watch?v=vE_1cNdW29I
470,2S87e3XEuZo,"‘Baldoni Got SHAFTED!’ Blake Lively Fallout, Emilia Pérez Scandal And MORE!",809000,2606,https://www.youtube.com/watch?v=2S87e3XEuZo
471,o9KUZ-zEdoU,"""The Titanic Took 5 More"" - Piers Morgan's Emotional Interview With Former Titan Passenger",809000,926,https://www.youtube.com/watch?v=o9KUZ-zEdoU
472,ENTmIqfKssA,"""They ALL Bow to Israel!"" US ‘Wave of Strikes’ As Trump Iran Plan Slammed",808000,3420,https://www.youtube.com/watch?v=ENTmIqfKssA
473,xtzO9x-OBNw,"""Not Quite So Innocent!"" Mike Huckabee On Killed Journalists & Gaza Occupation",808000,3817,https://www.youtube.com/watch?v=xtzO9x-OBNw
474,ye52j4Fw21Q,Piers Morgan Interviews Teacher Who SCHOOLED Student For Calling JK Rowling 'Bigoted',808000,452,https://www.youtube.com/watch?v=ye52j4Fw21Q
475,SpIIjzS2BIo,Israel-Hamas War: Piers Morgan vs Yuval Noah Harari | The Full Interview,808000,902,https://www.youtube.com/watch?v=SpIIjzS2BIo
476,uk0aY38dQvI,"“Trump Wins On EVERY Metric” Dan Crenshaw vs Tim Miller On Harris, Trump & More",805000,3127,https://www.youtube.com/watch?v=uk0aY38dQvI
477,--dJCbVOe54,"""Ten Years' JAIL!"" UK Mom Arrested For F***** Texts | Andrew Wilson & More React",804000,2787,https://www.youtube.com/watch?v=--dJCbVOe54
478,DdNNp3adWow,“MULTIPLE Shooters” JFK Declassified Feat Johnny Harris + Oswald Former Lover,802000,3783,https://www.youtube.com/watch?v=DdNNp3adWow
479,AFdBvDk5koU,Kanye ‘Ye’ West On Divorcing Kim Kardashian: “We’ll Always Be Together”,799000,776,https://www.youtube.com/watch?v=AFdBvDk5koU
480,R4jN7IEYNOs,"""CLEARLY An Ethnic Cleansing!"" Norman Finkelstein vs Benny Morris on Gaza",797000,2385,https://www.youtube.com/watch?v=R4jN7IEYNOs
481,n2wFe1FmeRI,"""SHOW Me The Evidence!"" Israel-Iran War Debate - Trump Threatens To Quit NATO",794000,2835,https://www.youtube.com/watch?v=n2wFe1FmeRI
482,th3kzMdVcGY,“Amber Heard Is A GOLD-DIGGER!” Mickey Rourke on Johnny Depp v Amber Heard,794000,1293,https://www.youtube.com/watch?v=th3kzMdVcGY
483,cyQTFIFVXUI,“SOCIOPATH!” Vince McMahon WWE Debate Plus Shock Guest!,793000,2793,https://www.youtube.com/watch?v=cyQTFIFVXUI
484,Cesc9hRmL1Y,Fiona Harvey To SUE Netflix | Piers Morgan Reads Out Her New Statement,790000,1750,https://www.youtube.com/watch?v=Cesc9hRmL1Y
485,CO2qUhAsJvQ,"Israel-Hamas War: Jewish Scientist Gad Saad Suggests People's 'Moral Compasses' Are ""Broken""",790000,737,https://www.youtube.com/watch?v=CO2qUhAsJvQ
486,PJUxFvPhpBQ,'Intelligence FAILURE!' Professor Jiang vs Andrew Bustamante On Iran War,788000,1936,https://www.youtube.com/watch?v=PJUxFvPhpBQ
487,Drl83KD6tPg,"""I'm Ready For WAR"" Oleksandr Usyk vs Daniel Dubois",788000,2988,https://www.youtube.com/watch?v=Drl83KD6tPg
488,KwDWoYcmpxs,“Will End In DISASTER!” Will Trump Strike Iran? With Mohammad Marandi & Mike Huckabee,787000,4209,https://www.youtube.com/watch?v=KwDWoYcmpxs
489,QvW630XLv4Q,'A Propaganda Tool For Israel!' Piers Morgan's Eurovision Debate,786000,1841,https://www.youtube.com/watch?v=QvW630XLv4Q
490,K3eWYEaOqDk,“You’re NOT A WOMAN Just Because You Got Surgery!” Macy Gray on Transgender Identity,785000,768,https://www.youtube.com/watch?v=K3eWYEaOqDk
491,rWlvT5Wc-Ms,"""You Can't Kill The Whole Of Gaza!"" Netanyahu REJECTS ceasefire",782000,1005,https://www.youtube.com/watch?v=rWlvT5Wc-Ms
492,H_ngIup8oYU,“A WIN Across The Board!” Donald Trump’s McDonald’s Shift A Genius Move?,781000,2138,https://www.youtube.com/watch?v=H_ngIup8oYU
493,8IDXANs-Zkw,"“It's NOT Far-Right!"" Musk Fuels UK Flags & Free Speech War | Andrew Wilson vs Cenk Uygur",779000,3749,https://www.youtube.com/watch?v=8IDXANs-Zkw
494,Z_K22QElzQk,"""I'm SICK Of It!"" Iran War, Strait Of Hormuz Blockade & Tucker Carlson Row | With Megyn Kelly",778000,3568,https://www.youtube.com/watch?v=Z_K22QElzQk
495,Fl2mXWL_I5U,"“The Boy is EMACIATED, Ambassador!” Israel Reacts As UK Backs Palestinian State - with Piers Morgan",778000,2307,https://www.youtube.com/watch?v=Fl2mXWL_I5U
496,LaPxeB9Dim8,Piers Morgan Interviews Virginia Giuffre's Lawyer About Prince Andrew Settlement,778000,1061,https://www.youtube.com/watch?v=LaPxeB9Dim8
497,gqQqzJCX4cQ,'Diddy Will WALK' Bombshell Claim As Lawyer Quits! Plus Blac Chyna on Kanye,775000,3519,https://www.youtube.com/watch?v=gqQqzJCX4cQ
498,Rl3Zmb7dy3M,Baby Reindeer | “Netflix Screwed Up” Fiona Harvey PASSES Background Check,772000,1506,https://www.youtube.com/watch?v=Rl3Zmb7dy3M
499,XQX3-CCaXf4,"""I Don't Know If Iran Has Shown Strategy"" | Patrick Bet-David Round 2",772000,1603,https://www.youtube.com/watch?v=XQX3-CCaXf4
500,e2KYFqKahxY,"“I Don't Want This Species To Fall Off a Cliff” Chris Williamson On Donald Trump, Andrew Tate & More",771000,1869,https://www.youtube.com/watch?v=e2KYFqKahxY
501,ltaqMtXtf_c,“Trump has FAILED!” Victor Davis-Hanson vs Professor Roy Casagranda On Iran | With Mohammed Marandi,770000,3866,https://www.youtube.com/watch?v=ltaqMtXtf_c
502,S5MuRatp4ms,"""SICK Terrorist Sympathizer!"" Randy Fine Wants Mamdani DEPORTED | With Katie Miller & Cenk Uygur",770000,3934,https://www.youtube.com/watch?v=S5MuRatp4ms
503,RiY8yJf6W8A,"'Trump Called Me a Piece of S***!’ Iran War, Lindsey Graham & More | With Ro Khanna & Mehdi Hasan",769000,3598,https://www.youtube.com/watch?v=RiY8yJf6W8A
504,VV5kZCF8O20,"""Biden Is NOT In Charge!"" Uncensored vs The View on Trump, Pelosi & More",766000,2292,https://www.youtube.com/watch?v=VV5kZCF8O20
505,6I_HMvNIrAo,“Box Office CANCER” Harry & Meghan FLOPS! Disney BACKTRACKS! Hollywood IN DECLINE!,760000,1936,https://www.youtube.com/watch?v=6I_HMvNIrAo
506,M8xt9y9AKGQ,“You’re UNHINGED!” Tommy Robinson Unite The Kingdom Rally ENRAGES Piers Morgan Panel,759000,2958,https://www.youtube.com/watch?v=M8xt9y9AKGQ
507,2zc8ytzJP5U,“Israel Does NOT Want To End This War” Deadly Gaza Hostage Raid,758000,1689,https://www.youtube.com/watch?v=2zc8ytzJP5U
508,R-EOtiTIZBY,"""Boris Johnson Was A Shambolic Clown!"" Rory Stewart SLAMS Former Prime Minister",757000,1011,https://www.youtube.com/watch?v=R-EOtiTIZBY
509,oxRZqzth9r4,"Mo Gawdat Warns The Dangers of AI Are ""Happening As We Speak""",757000,646,https://www.youtube.com/watch?v=oxRZqzth9r4
510,IYLPttzVvDs,“Only a Question of Time” Does AI Mean We're DOOMED? Plus Oz Pearlman Reads Piers Morgan’s Mind!,755000,4411,https://www.youtube.com/watch?v=IYLPttzVvDs
511,lOlYix4xado,"""Clearly A War For ISRAEL!"" Iran Crisis Sparks ERUPTION On Piers Morgan Panel",754000,3817,https://www.youtube.com/watch?v=lOlYix4xado
512,y04iTPnwtL4,"""They Are Preemptively Convicting Him!"" Piers Morgan On Russell Brand Deplatforming",752000,765,https://www.youtube.com/watch?v=y04iTPnwtL4
513,erzE9y2-3tw,"Piers Morgan On Harry and Meghan Eviction: ""Charles Is Saving The Monarchy""",751000,616,https://www.youtube.com/watch?v=erzE9y2-3tw
514,Ul4X3U1knSc,"“ALL About Israel!” Dave Smith vs Seth Dillon on Nick Fuentes, Charlie Kirk, Candace Owens & More",748000,2330,https://www.youtube.com/watch?v=Ul4X3U1knSc
515,getjYGTE2Qk,"""You're Whitewashing Mass MURDER"" | Gaza Debate Feat Aaron Mate",747000,3051,https://www.youtube.com/watch?v=getjYGTE2Qk
516,xtzrKUJVZpA,"""Hallelujah!"" Piers Morgan Praises Ban On Transgender Athletes In Women's Sport",747000,303,https://www.youtube.com/watch?v=xtzrKUJVZpA
517,fwwb8qZUprw,‘I’m NOT Hiding ANYTHING!’ Egyptologist Zahi Hawass Grilled On Pyramids By Experts,744000,3348,https://www.youtube.com/watch?v=fwwb8qZUprw
518,QWe2PLhvnMU,'People Forgave Will Smith'! Kevin Spacey & Star Wars With Critical Drinker,744000,2270,https://www.youtube.com/watch?v=QWe2PLhvnMU
519,T72yhJNxdXM,“They Have WOKE RABIES!” Trump vs Harris Election Debate GETS PERSONAL!,743000,3379,https://www.youtube.com/watch?v=T72yhJNxdXM
520,RFNPQUrv6hs,"""We Are a Country of LAWS!"" LA Riots Over Deportations | With Dr Phil",740000,3337,https://www.youtube.com/watch?v=RFNPQUrv6hs
521,6XHY5LAFMmc,"""It's EXHAUSTING!"" Piers Morgan Reacts To Sam Smith's Outrage About Gender",740000,410,https://www.youtube.com/watch?v=6XHY5LAFMmc
522,gMGSaAfl4gg,'A Regime Change War With NO PLAN!' Is Attack on Iran Really 'America First'?,735000,3361,https://www.youtube.com/watch?v=gMGSaAfl4gg
523,q4axvaSk59c,"“Completely Unladylike!” Hawk Tuah Girl, Pride Month & More",735000,3444,https://www.youtube.com/watch?v=q4axvaSk59c
524,7fGHWtaQF9s,Piers Morgan Interviews Dr K | Brendan Kavanagh Reveals Comeback Gig!,734000,400,https://www.youtube.com/watch?v=7fGHWtaQF9s
525,nkutfDNryuE,"""We KNOW What's Going To Happen!"" Hostages Released as Trump Secures Gaza Peace Deal",731000,4508,https://www.youtube.com/watch?v=nkutfDNryuE
526,pA4Hx-dJAn4,"Piers Morgan vs Richard Dawkins On Women's Sport, The Universe & Religion",730000,2666,https://www.youtube.com/watch?v=pA4Hx-dJAn4
527,UPxS-l0F5sg,"""People Call Him An A*shole - But He's MY A*shole"" Dennis Quaid On Donald Trump",729000,2713,https://www.youtube.com/watch?v=UPxS-l0F5sg
528,Ik_yjWsr9mg,“VILLAIN of History!” Israel’s Total Occupation of Gaza + Anthony Aguilar On GHF ‘War Crimes’,726000,4091,https://www.youtube.com/watch?v=Ik_yjWsr9mg
529,wJn_QUFB5f4,“He’s a MADMAN!” Donald Trump Threatens To Wipe Out Iran ‘Civilization’,725000,3461,https://www.youtube.com/watch?v=wJn_QUFB5f4
530,2FEwxTLKh6E,"""CUT His Mic!"" IDF Whistleblower vs Former Sergeant On Doha Strike",724000,2596,https://www.youtube.com/watch?v=2FEwxTLKh6E
531,2qtGaYd32QI,"""Get a LIFE!"" Sydney Sweeney Ad: White Supremacy Or 'Ugly Girl Jealousy'?",722000,2336,https://www.youtube.com/watch?v=2qtGaYd32QI
532,k_PN2W5g0BY,“I’m Choking Up!” Gene Simmons & Piers Morgan on Ozzy Osbourne,722000,4140,https://www.youtube.com/watch?v=k_PN2W5g0BY
533,VcHlA9HZnPs,"""She's Insufferable!"" Piers Morgan SLAMS Meghan Markle ft. Jordan Peterson and Andrew Tate",720000,1237,https://www.youtube.com/watch?v=VcHlA9HZnPs
534,3Wph7qHpVUM,"Jake Paul Talks Tommy Fury, Fighting Logan Paul And How Much He's Earned!",719000,795,https://www.youtube.com/watch?v=3Wph7qHpVUM
535,GrJ6WKTxCvA,"‘You’re In SELF-DENIAL!’ Deportations, DOGE & MAGA Debate",715000,3244,https://www.youtube.com/watch?v=GrJ6WKTxCvA
536,Uz1uh3FQulY,"Piers Morgan GRILLS ""Female Andrew Tate"" Pearl Davis For Her Antisemitic Song",714000,866,https://www.youtube.com/watch?v=Uz1uh3FQulY
537,pNMJGR5OVqo,"""If He Keeps His Trap Shut He’ll Win"" Ben Shapiro On Trump, Biden and Israel-Hamas",713000,2132,https://www.youtube.com/watch?v=pNMJGR5OVqo
538,PpasdJrxad4,‘We Should INVADE Israel!’ Trump To Sign Tehran Agreement | Middle East Debate,709000,3667,https://www.youtube.com/watch?v=PpasdJrxad4
539,wocwRIyLzOA,"""Humiliating For The Royal Family!"" Piers Morgan Demands Release Of Unedited Kate Middleton Photo",709000,1768,https://www.youtube.com/watch?v=wocwRIyLzOA
540,PqReoPJfFwA,"“Trump Is NOT a Warmonger"" John Mearsheimer On Gaza, Russia & More",708000,2938,https://www.youtube.com/watch?v=PqReoPJfFwA
541,wzMGhv3qGYQ,“F***ing Bullsh*t!” Iran War Talks COLLAPSE Over Israel + Cenk Uygur BANNED From UK,707000,6227,https://www.youtube.com/watch?v=wzMGhv3qGYQ
542,St3JxdjjUBA,“I’m Gonna Roast YOU!” Dave Smith vs Adam Sosnick Reunite In Comedy Battle,707000,2559,https://www.youtube.com/watch?v=St3JxdjjUBA
543,G_p2j1AL6GY,"""Netanyahu CONNED Trump!"" Dave Smith Slams US-Iran War & Israel Ties | Feat. Bill O'Reilly",706000,3680,https://www.youtube.com/watch?v=G_p2j1AL6GY
544,6Rjto00KdjE,‘EPSTEIN Shot That Picture!’ Shock Prince Andrew Revelations Shared By Giuffre Author,706000,2966,https://www.youtube.com/watch?v=6Rjto00KdjE
545,9SsbSKaUkoE,"“I Want To Apologize” Novak Djokovic On Sinner, Jabs Backlash & More",703000,4189,https://www.youtube.com/watch?v=9SsbSKaUkoE
546,c78s7icMiE8,"""Fat, Stinking LIE!” Trump Cuts, Musk Baby Drama + Boris Johnson Interview Ends Abruptly!",703000,4027,https://www.youtube.com/watch?v=c78s7icMiE8
547,J-6ZnQEwO-8,Piers Morgan vs Israeli President Isaac Herzog | Full Interview On Israel-Hamas War,701000,2831,https://www.youtube.com/watch?v=J-6ZnQEwO-8
548,2Z_lC7ETLB0,“DEVASTATING Defeat!” Trump Plans ‘Massive’ Iran Attack + Piers Morgan vs Cancelled Cornell Student,700000,4556,https://www.youtube.com/watch?v=2Z_lC7ETLB0
549,EIxkcyzi0OY,"""Flaming HYPOCRITE!"" Linehan Arrest For Anti-Trans Posts & Free Speech Feat. Riley Gaines",700000,3403,https://www.youtube.com/watch?v=EIxkcyzi0OY
550,bxQSJTk8v00,"""DONE Funding This War!” MAGA vs Ukraine | Plus Meghan Markle Show Slammed",698000,3359,https://www.youtube.com/watch?v=bxQSJTk8v00
551,ZBUzOyaj2jU,“Her Brain Is BROKEN!” Luigi Mangione Charged & Daniel Penny Speaks | Debate,696000,4151,https://www.youtube.com/watch?v=ZBUzOyaj2jU
552,7CfzjvMSOOU,Piers Morgan vs Eddie Hearn | The Full Interview,695000,1365,https://www.youtube.com/watch?v=7CfzjvMSOOU
553,zGdmo0bwTUc,"""There Will Be a Different Democrat Candidate Come Election Day"" Tomi Lahren vs Brian Tyler Cohen",694000,2421,https://www.youtube.com/watch?v=zGdmo0bwTUc
554,tVWMj88OZ90,“I've Got The RECEIPTS!” Liam Payne Death | With Howie Mandel & Katie Waissel,692000,2056,https://www.youtube.com/watch?v=tVWMj88OZ90
555,NhrBm7PgqXA,"""Veganism Is A Fad!"" Piers Morgan Goes Head-To-Head With Vegan Activist",692000,346,https://www.youtube.com/watch?v=NhrBm7PgqXA
556,IqsiqqCul4o,“Headed For TROUBLE…” Is The UK Being ‘Invaded’? Debate Feat Lowkey | Plus Gad Saad,689000,3864,https://www.youtube.com/watch?v=IqsiqqCul4o
557,jPdo78fptzM,'Leave Lebanon ALONE!' Civilians Killed As Israel Targets Hezbollah | With Naftali Bennett,688000,4462,https://www.youtube.com/watch?v=jPdo78fptzM
558,LIJtp7acKw4,‘Should Be In The HAGUE’ Ehud Olmert on Netanyahu | Plus Cenk Uygur vs Jonathan Conricus,688000,3551,https://www.youtube.com/watch?v=LIJtp7acKw4
559,Qm92PhjeqE4,"""He Should Have Died In Prison!"" O.J. Simpson Lawyers Debate",688000,2077,https://www.youtube.com/watch?v=Qm92PhjeqE4
560,T-0RVaAmlLE,Jordan Peterson School Visit Leads To POLICE Being Called!,687000,242,https://www.youtube.com/watch?v=T-0RVaAmlLE
561,EV5a02G_EL4,‘DISGUSTING!’ Trump Scolds Rob Reiner + Bondi Beach Terror With Tony Abbott,685000,4701,https://www.youtube.com/watch?v=EV5a02G_EL4
562,VUcrT8sgdmU,"'Yes, I Cheated' Phil Heath On Performance-Enhancing Drugs And Transgender Athletes",685000,1475,https://www.youtube.com/watch?v=VUcrT8sgdmU
563,ukxoW9cLbTE,"""Hamas DON'T Want Peace!"" Piers Morgan Debates His Interview With Israeli President Isaac Herzog",685000,1001,https://www.youtube.com/watch?v=ukxoW9cLbTE
564,Hch1h_b-wxA,"""We Are TERRIFIED!"" Israeli Settlers Rampage + Hamas Arms Deal | With Norman Finkelstein",683000,3428,https://www.youtube.com/watch?v=Hch1h_b-wxA
565,pTdg02g3394,"""STOP Blaming Israel!"" Rabbi Shmuley Debates Gaza With Pro-Palestinians",683000,3421,https://www.youtube.com/watch?v=pTdg02g3394
566,iZveAhUhk3w,Israel-Hamas War: Piers Morgan and Grace Blakeley Debate Palestinian Treatment,683000,203,https://www.youtube.com/watch?v=iZveAhUhk3w
567,XrdHGxY8qI4,“I KNOW What's In Those Documents! I Want Them OUT!” Epstein Trump Emails Leaked,681000,3620,https://www.youtube.com/watch?v=XrdHGxY8qI4
568,-YL_NUn3cAU,“It's NOT Racist!” Immigration Debate Feat Konstantin Kisin & Cenk Uygur,678000,3233,https://www.youtube.com/watch?v=-YL_NUn3cAU
569,HlxfO9xt6PE,"""TOTAL Collapse of Insanity"" 50 Days of Trump, 'Antichrist' Newsom & Trudeau OUT",678000,3755,https://www.youtube.com/watch?v=HlxfO9xt6PE
570,AY0moh0l3MI,Cristiano Ronaldo Speaks To Piers Morgan About Losing His Son,678000,105,https://www.youtube.com/watch?v=AY0moh0l3MI
571,59c8PrsihWw,“He HATES America!” James Carville vs Hasan Piker & Tucker vs Trump With Vinnie Oshana,677000,4414,https://www.youtube.com/watch?v=59c8PrsihWw
572,UnlkOipygxU,'Hunter Hasn't Met His Daughter' | Biden Baby Mother Bombshell Revelations,676000,2652,https://www.youtube.com/watch?v=UnlkOipygxU
573,d8x3EXfdD0Y,‘You Can’t Deny There’s a Humanitarian Crisis!” Piers Morgan Debates Israeli Ambassador On Gaza,675000,945,https://www.youtube.com/watch?v=d8x3EXfdD0Y
574,gfUqGpHtsj0,"""Oh, SHUT UP!"" Piers Morgan Reacts To Prince Harry's Gabor Mate Interview",673000,918,https://www.youtube.com/watch?v=gfUqGpHtsj0
575,LtXhvtsKcaU,"“I’ve Seen Too MUCH” Tim Burchett On 'Sinister' UFO Files, Death Threats & Underwater Aliens",671000,1182,https://www.youtube.com/watch?v=LtXhvtsKcaU
576,peQN_kqtaes,"“F Around And Find Out” Trump Plans For Greenland, Iran & Venezuela | John Mearsheimer x Ian Bremmer",671000,4067,https://www.youtube.com/watch?v=peQN_kqtaes
577,NAP69XkxoOg,"‘If Diddy Walks, I'm Target Number ONE' Big Homie LEAVES America",666000,2189,https://www.youtube.com/watch?v=NAP69XkxoOg
578,PsM3OFaVXYE,"""There Were NO Talks!"" Trump Calls Off Iran Deadline on Strait of Hormuz",665000,4282,https://www.youtube.com/watch?v=PsM3OFaVXYE
579,_zYFA53Jc9Y,"""You Are IGNORANT!"" Imarn and Trisha's HEATED Debate Over Harry and Meghan",664000,625,https://www.youtube.com/watch?v=_zYFA53Jc9Y
580,oIt6DItM1OA,'There Will Be CIVIL WAR!” Tesla Under Attack!,659000,2977,https://www.youtube.com/watch?v=oIt6DItM1OA
581,5nNFQhdDwd0,Piers Morgan RIPS Into 'Woke Companies' Pushing Agendas,659000,382,https://www.youtube.com/watch?v=5nNFQhdDwd0
582,XgW61Nz12Gk,‘PROVEN It’s Mossad!’ Trump Says Release FULL Epstein Files,658000,3656,https://www.youtube.com/watch?v=XgW61Nz12Gk
583,NdZsVIw1d8Q,'I'm Gonna Say It!' N-Word Censorship Debate With Steven Crowder & Marc Lamont Hill,658000,2209,https://www.youtube.com/watch?v=NdZsVIw1d8Q
584,ZZyDRw8S33M,"""A CYCLONE of ACTION!"" Trump Tariffs, Tesla & More | Plus 'God of Cars' Carlos Ghosn",658000,5507,https://www.youtube.com/watch?v=ZZyDRw8S33M
585,2PbqHOS6oC8,“It’s HAPPENING!” UFC’s Tom Aspinall Calls Out Jon Jones,656000,2038,https://www.youtube.com/watch?v=2PbqHOS6oC8
586,5oiHRRhH1hk,"""He's NOT The Most Endangered Royal!"" Piers Morgan On Prince Harry's Failed Bid For Paid Protection",656000,1473,https://www.youtube.com/watch?v=5oiHRRhH1hk
587,8fuoSjDEblA,"'I'll NEVER Apologize To Trump!"" Marjorie Taylor Greene | Plus Piers Morgan CALLS OUT Conricus!",655000,4491,https://www.youtube.com/watch?v=8fuoSjDEblA
588,I6wrn09T30I,"""Worse Than Watergate"" Jake Tapper Interview + Biden Cover-Up Debate",653000,4081,https://www.youtube.com/watch?v=I6wrn09T30I
589,Ca0Yh5rkdfI,'Can No Longer Use The Race Card' Prince Harry Bullying Allegations END Of Brand Sussex?,652000,2403,https://www.youtube.com/watch?v=Ca0Yh5rkdfI
590,WIFQufdzprY,Piers Morgan vs Captain Sir Tom Moore’s Family | The Full Interview,649000,4296,https://www.youtube.com/watch?v=WIFQufdzprY
591,6xeMYejYayk,"""I Don't Know Where To Start?"" Piers Morgan Reacts To Sam Smith's BIZARRE TikTok",644000,481,https://www.youtube.com/watch?v=6xeMYejYayk
592,F89zyFY4fqc,"""Facts Don’t Care About YOUR Feelings"" Piers Morgan DESTROYS 'Woke' Ben Shapiro",643000,663,https://www.youtube.com/watch?v=F89zyFY4fqc
593,NI77VFTLrik,‘He KNOWS You’re Terrorists!’ Should Trump Bomb Iran? Marandi vs Panel On Nuclear Talks,643000,3722,https://www.youtube.com/watch?v=NI77VFTLrik
594,h7w5g7JmVFw,"""Democrats Are INSANE If They Let Him Stay!"" Biden x Israel Debate",643000,1661,https://www.youtube.com/watch?v=h7w5g7JmVFw
595,-4pI6cTbBK8,'PROPAGANDIST!' Does Trump Deserve Peace Prize? Plus Piers Morgan DESTROYS Democrat in Trans Row,641000,4507,https://www.youtube.com/watch?v=-4pI6cTbBK8
596,NkPi6rScVHY,“Release EVERYTHING!” Ted Cruz & Jeffrey’s Brother + Texas Floods Disaster,640000,5202,https://www.youtube.com/watch?v=NkPi6rScVHY
597,mCoiWisIbuo,‘Villains of the WORLD’ Megyn Kelly on Israel + Trump’s Trade Deal,639000,3436,https://www.youtube.com/watch?v=mCoiWisIbuo
598,dFT2m79JqaM,"""The REAL Terrorist Is YOU!"" Trump's Israel-Hamas Ceasefire Deal | Owen Jones Gets It Wrong!",638000,4325,https://www.youtube.com/watch?v=dFT2m79JqaM
599,NpFbD0eTrB4,"Piers Morgan SLAMS Israeli Spokesman's Claim To Have Killed ""1000s Of Terrorists""",636000,984,https://www.youtube.com/watch?v=NpFbD0eTrB4
600,VlpgWyMuKqQ,“Hit The Other Cheek - I Can Take It!” MAGA Christians Under ATTACK? | With Andrew Wilson,635000,2357,https://www.youtube.com/watch?v=VlpgWyMuKqQ
601,eP8Opx_hb7E,"“Doing The World a Favour” Shawn Ryan On Israel-Hamas, Trump-Harris & More",635000,2538,https://www.youtube.com/watch?v=eP8Opx_hb7E
602,tqobPzzyEcc,“Batsh*t CRAZY!” Trump BLOCKED From Deporting Venezuelan 'Gang Members',633000,4149,https://www.youtube.com/watch?v=tqobPzzyEcc
603,kScTg9mvHbQ,“DEEPLY Unconstitutional And Immoral!” Jimmy Kimmel Sparks Free Speech Debate | With Bill O’Reilly,631000,3744,https://www.youtube.com/watch?v=kScTg9mvHbQ
604,px7VL8Pa2bM,“Why Don’t You Just Sell Ice Cream?!” Piers Morgan GRILLS Ben & Jerry’s Founder + Snow White FLOPS!,631000,4072,https://www.youtube.com/watch?v=px7VL8Pa2bM
605,R-lERlXrJ1o,Piers Morgan and Douglas Murray React To Kevin Spacey Being Found Not Guilty,631000,594,https://www.youtube.com/watch?v=R-lERlXrJ1o
606,KYWiG9jEa9s,"""They Want to CLEANSE Gaza!"" Israeli Genocide Scholar Omer Bartov On IDF 'Crimes'",629000,3097,https://www.youtube.com/watch?v=KYWiG9jEa9s
607,m_eA9sa5088,Diddy Update: “Could Be WITNESS TAMPERING” Is He Making Moves From Jail?,627000,1359,https://www.youtube.com/watch?v=m_eA9sa5088
608,d3uXSiWF1kw,"""He'll NEVER See A Federal Prison"" Diddy Verdict Debate Feat Sammy The Bull & Bruce Rivers",626000,3489,https://www.youtube.com/watch?v=d3uXSiWF1kw
609,gDIpSgUIvdY,"""People Are Waking UP!"" Brutal Train Murder Sparks Race & Media Debate",625000,3753,https://www.youtube.com/watch?v=gDIpSgUIvdY
610,ox85FZxP6gU,Piers Morgan Interviews Josh & Archie After Pranking Just Stop Oil,625000,249,https://www.youtube.com/watch?v=ox85FZxP6gU
611,35X5S5G_xxg,"""Israel Must Be Restrained!"" Joe Kent on Trump & Iran War + Sleeper Cells Threat",624000,3108,https://www.youtube.com/watch?v=35X5S5G_xxg
612,Zp8XVRGnyRA,“You’d Take An Endorsement From HITLER?!” Cheney Backs Kamala Harris,623000,3345,https://www.youtube.com/watch?v=Zp8XVRGnyRA
613,VXthKe5mEAM,“So Used To LYING!” AIPAC vs Thomas Massie + San Diego Mosque Attack With Mehdi Hasan,622000,5105,https://www.youtube.com/watch?v=VXthKe5mEAM
614,1ADJ002wiz0,"""A Deal With BARBARIANS!"" Scott Horton FIERY Debate On Iran War & Trump | With John Bolton",622000,4405,https://www.youtube.com/watch?v=1ADJ002wiz0
615,37fv1K8DFmw,"""He's INNOCENT!"" MAGA Clash Over Andrew Tate | With Michael Franzese",621000,2487,https://www.youtube.com/watch?v=37fv1K8DFmw
616,uObolItbx84,‘We DON’T Want More STUPID WARS!’ 10 Years of MAGA & Andrew Tate Masculinity Debate,619000,2929,https://www.youtube.com/watch?v=uObolItbx84
617,cDTQkJVc7_s,“INSULTING!” Bill Maher HITS BACK at Larry David Trump Takedown,614000,2091,https://www.youtube.com/watch?v=cDTQkJVc7_s
618,5XyjWJdHvOw,"King Charles SNUBS Prince Harry - ""He Should Strip Them Of ALL Royal Titles!""",614000,2149,https://www.youtube.com/watch?v=5XyjWJdHvOw
619,QaJhwu2GuQM,"""It's Not Your Interview, It's Mine!"" Piers Morgan Clashes With Vegan Dale Vince",614000,1278,https://www.youtube.com/watch?v=QaJhwu2GuQM
620,DWI-9tqatRo,"""I Think Harry's Lost!"" Piers Morgan Debates Panel On Prince Harry's Court Appearance",614000,856,https://www.youtube.com/watch?v=DWI-9tqatRo
621,k-sIbtnz1eI,"Israel-Hamas War: ""IDF Are The Bigger Terrorist Group!"" Piers Morgan Debates Panel Over Palestine",613000,626,https://www.youtube.com/watch?v=k-sIbtnz1eI
622,mC11q5eUbyI,"""I Had Nothing To Do With It!"" Imran Khan Speaks To Piers Morgan From House Arrest",611000,943,https://www.youtube.com/watch?v=mC11q5eUbyI
623,W0qYM7DvtjI,"""You're a DISGRACE!"" Don Lemon Arrested + Epstein Files | Brett Ratner Speaks!",609000,3822,https://www.youtube.com/watch?v=W0qYM7DvtjI
624,-h-h1PNLrhM,“Putting Lipstick On a HOLOCAUST!” Trump Plans Gaza Deal With Netanyahu + James Comey Indicted,608000,2919,https://www.youtube.com/watch?v=-h-h1PNLrhM
625,cHwILbaHih4,'You Want To Destroy Western Civilisation' | Piers Morgan v Dennis Prager And Reza Aslan,605000,1865,https://www.youtube.com/watch?v=cHwILbaHih4
626,5FNUgU738w8,“We’re Gonna Have ANOTHER War!” Iran REJECTS President Trump’s Peace Talks,604000,4592,https://www.youtube.com/watch?v=5FNUgU738w8
627,gVO_so-nXB8,"""Tragic And OBSCENE!"" Is Henry Nowak Death The New George Floyd? + Iran War Debate",603000,4043,https://www.youtube.com/watch?v=gVO_so-nXB8
628,HruriheR1JA,"""LET ME FINISH!"" Piers Morgan Has HEATED Debate Over Whether King Charles Should Apologise",603000,742,https://www.youtube.com/watch?v=HruriheR1JA
629,cqxXE8UGRN4,"""I Want The DEATH Penalty"" Charlie Kirk Memorial | Feat Kari Lake & Tim Miller",602000,3401,https://www.youtube.com/watch?v=cqxXE8UGRN4
630,P5BO0ltXMp4,'Trump Will SAVAGE Biden Like a Rottweiler' | Trump vs Biden Debate,602000,2152,https://www.youtube.com/watch?v=P5BO0ltXMp4
631,lbZLq0tIkgo,“We Are Naturally IMMORTAL” Is There Life After Death? Michael Shermer vs Michael Egnor,601000,2177,https://www.youtube.com/watch?v=lbZLq0tIkgo
632,88NJfL9YOtQ,‘This Generation’s JFK Moment’ Charlie Sheen On Kirk Assassination + Baring ALL In New Book,600000,2713,https://www.youtube.com/watch?v=88NJfL9YOtQ
633,pabMk0eDPZ4,"""Stop Wrecking Everything!"" Piers Morgan's HEATED Debate With Eco-Protesters",595000,891,https://www.youtube.com/watch?v=pabMk0eDPZ4
634,gOik_my_7qk,“More Painful Than Surgery!” Piers Morgan TORCHES Beckhams + Kanye Apology & Blake Lively Texts,594000,2439,https://www.youtube.com/watch?v=gOik_my_7qk
635,7c8_y64QpHQ,"""Playing With FIRE"" John Mearsheimer + Ian Bremmer On Putin + Israel",594000,3243,https://www.youtube.com/watch?v=7c8_y64QpHQ
636,Otsv5sHHzs8,"Piers Morgan vs Slavoj Zizek On Israel-Hamas, Putin And More",593000,2380,https://www.youtube.com/watch?v=Otsv5sHHzs8
637,SsxOgP1qU3Q,“Bloody DISGRACE!” Piers Morgan SLAMS Travel YouTubers Promoting ‘Taliban Tourism’,591000,2129,https://www.youtube.com/watch?v=SsxOgP1qU3Q
638,js2k4jy6AYY,‘WHY Is Elon Musk Promoting THIS?’ Citizen Vigilante Director vs Mehdi Hasan,590000,2035,https://www.youtube.com/watch?v=js2k4jy6AYY
639,TGoZXqyNBdI,"""Do You Just HATE Muslims?!"" Piers Morgan vs Randy Fine + Mehdi Hasan",590000,2744,https://www.youtube.com/watch?v=TGoZXqyNBdI
640,rLwsIRdzTuc,"RFK Jr. vs Piers Morgan | On Gaza Ceasefire, Trump And Fears For His Safety",590000,3616,https://www.youtube.com/watch?v=rLwsIRdzTuc
641,kec7Ugy9g9A,'Iran Will Give Up NOTHING' Israel Bombs Iran As Lebanon War Smashes Trump Ceasefire,589000,2330,https://www.youtube.com/watch?v=kec7Ugy9g9A
642,jivPG24QG8k,"""I'm Frightened Of My Peers"" | Debate On Anti-Israel Student Protests",588000,2144,https://www.youtube.com/watch?v=jivPG24QG8k
643,H6vEYC9JKoo,Piers Morgan Reacts To Village People Suing Donald Trump Over 'YMCA' Song,588000,560,https://www.youtube.com/watch?v=H6vEYC9JKoo
644,nfOVbYps7eI,“PANIC!” Trump Tariffs Fallout Debate With Clay Travis & Natalie Winters,585000,3123,https://www.youtube.com/watch?v=nfOVbYps7eI
645,PmoI-RAaRu4,"""Why Are You LAUGHING?"" | Piers Morgan Rips Into Man Who Tore Down Israeli Hostage Posters",583000,392,https://www.youtube.com/watch?v=PmoI-RAaRu4
646,aSP15OUJjH8,"""Piers, YOU Are Racially Prejudiced!"" Imarn Ayton Confronts Piers Morgan In HEATED Debate",582000,475,https://www.youtube.com/watch?v=aSP15OUJjH8
647,3vMJDx7suy4,"""England Should Apologise To Australia!"" Aussie Journalist SLAMS English Cricket",581000,486,https://www.youtube.com/watch?v=3vMJDx7suy4
648,LHQa5RUIfvA,“Mamdani Should Be ARRESTED!” NYC Mayor vs ‘War Criminal’ Netanyahu | With Nancy Mace,580000,3916,https://www.youtube.com/watch?v=LHQa5RUIfvA
649,OJ-8adqfsgQ,‘I’m Afraid Mom’s Going To DIE’ Kevin Federline & Sons Fear For Britney Spears’ Life,580000,2759,https://www.youtube.com/watch?v=OJ-8adqfsgQ
650,wOWAewTXiEI,"“Let Him COOK!” 90-Day Tariffs Pause, Bill Maher’s Trump Dinner + UFC Ovation",580000,3686,https://www.youtube.com/watch?v=wOWAewTXiEI
651,2nWEKhYodrU,"“We Have Been WARNED” Neil deGrasse Tyson On UFO Files, Trump & Alien Existence",579000,2705,https://www.youtube.com/watch?v=2nWEKhYodrU
652,xYwwUSAZmwg,"Piers Morgan vs Chris Williamson | ""I'm An Army Of One"" | Full interview",578000,2593,https://www.youtube.com/watch?v=xYwwUSAZmwg
653,O76o5pPnmA0,"""Crossed EVERY Moral Line!"" Piers Morgan vs Hamas + US-Iran War & Spain-Morocco Migration",577000,5573,https://www.youtube.com/watch?v=O76o5pPnmA0
654,ru1p78nxIbY,'He Knows a LOT' Boies Calls For Andrew's 'Safe Passage' To US | With Michael Tracey,575000,2877,https://www.youtube.com/watch?v=ru1p78nxIbY
655,MrzbaZpVMgM,"""A CATASTROPHIC Failure!"" Trump Lashes NATO on Iran War | Feat. Robert Pape",573000,4614,https://www.youtube.com/watch?v=MrzbaZpVMgM
656,kbcWYKFAOdA,“CAN’T Go On!” ICE Chaos + Trump NATO Slur | With Piers Morgan’s Military Brother,573000,3192,https://www.youtube.com/watch?v=kbcWYKFAOdA
657,QXhb4NDQm70,"""Cancel Me - I DON'T Care!"" Dr Phil On Trump, RFK Jr, Luigi Mangione & Kanye",573000,3207,https://www.youtube.com/watch?v=QXhb4NDQm70
658,dQvrFEiEotE,"""I'm Not Racist!"" Piers Morgan's HEATED Debate Over Meghan Markle's 'Lies'",568000,639,https://www.youtube.com/watch?v=dQvrFEiEotE
659,cSPzQaLm4Xg,“A War For SURVIVAL” Trump To Secure Putin Peace Deal? With Dave Smith & Bill Browder,567000,3052,https://www.youtube.com/watch?v=cSPzQaLm4Xg
660,W6H4p1aRas4,Piers Morgan Debates Gun Control With Tomi Lahren After Nashville Shooting,567000,887,https://www.youtube.com/watch?v=W6H4p1aRas4
661,hB4B3dsRh6g,"""He Is Kind And Generous!"" Woman DEFENDS Andrew Tate's Character",567000,517,https://www.youtube.com/watch?v=hB4B3dsRh6g
662,s1KIba90F74,"""A SHAME On Judaism"" Former Israeli President vs Iran War Hawk + Plus Yanis Varoufakis",566000,4036,https://www.youtube.com/watch?v=s1KIba90F74
663,QUFZQGvyDcY,"""TIME OUT!"" Alan Dershowitz And Mustafa Barghouti Debate Aaron Bushnell and Israel-Hamas",566000,2134,https://www.youtube.com/watch?v=QUFZQGvyDcY
664,oLyUPes01lU,"'A Real Scandal' | Debate On Baltimore Bridge Disaster, Donald Trump, Meghan Markle And More",564000,2278,https://www.youtube.com/watch?v=oLyUPes01lU
665,k1aUBkSesmY,'What They Didn't Want Me To Release' Trump Set To Publish Aliens and UFOs Files,563000,2799,https://www.youtube.com/watch?v=k1aUBkSesmY
666,P549Gwq2108,"""Hamas Does NOT Operate Within The Rules of War"" Douglas Murray vs Piers Morgan",563000,2768,https://www.youtube.com/watch?v=P549Gwq2108
667,Ri2kPD3-W6Q,‘DENYING Aid For Hamas’ Crimes!’ IDF Attacks Gaza Days Into Truce | With Norman Finkelstein,562000,3881,https://www.youtube.com/watch?v=Ri2kPD3-W6Q
668,jcX10ZPFFTU,"""Coming To YOUR Cities"" Bondi Beach Terror & Israel 'Blame Game' | Feat Miss Palestine",561000,5126,https://www.youtube.com/watch?v=jcX10ZPFFTU
669,5iQEEYHxFbs,Charlamagne Tha God Tells Piers Morgan He Thinks Donald Trump Will Win Election,561000,1910,https://www.youtube.com/watch?v=5iQEEYHxFbs
670,x3baGbJlqDc,"""How THICK Is Harry?"" Panel React To Prince Harry's Book 'Spare' Being Leaked",561000,584,https://www.youtube.com/watch?v=x3baGbJlqDc
671,D48S5O4EZLo,"""ALL He Does Is Bash Muslims!"" Tommy Robinson & Palestine Rallies ANGER Piers Morgan Panel",559000,4379,https://www.youtube.com/watch?v=D48S5O4EZLo
672,QTTyi8OiKSM,“NOT a Journalist!” Israeli Strike Kills Al Jazeera Reporters | Scholars Debate Genocide,558000,3644,https://www.youtube.com/watch?v=QTTyi8OiKSM
673,DQZtDoLcjaw,"""What The F*** Is Sam Smith Wearing?"" | Piers Morgan Reacts",558000,698,https://www.youtube.com/watch?v=DQZtDoLcjaw
674,w2teVwFfamI,"""These Drugs Are A TRAP DOOR"" Ozempic Debate With Piers Morgan",557000,2671,https://www.youtube.com/watch?v=w2teVwFfamI
675,WvM7Pj4LCx8,“ENOUGH of This CARNAGE!” Israel vs United Nations on Gaza ‘Mass Starvation’,555000,2977,https://www.youtube.com/watch?v=WvM7Pj4LCx8
676,twryTVdce5k,‘S*x Tape? INEVITABLE!’ What's Next For Harry & Meghan After ‘Tacky’ Twerking Video?,555000,1637,https://www.youtube.com/watch?v=twryTVdce5k
677,Yq5OU0CC5cQ,Piers Morgan Debates Gender Identity With US Politician Marianne Williamson,554000,659,https://www.youtube.com/watch?v=Yq5OU0CC5cQ
678,5BI3t6LmadE,"‘You’d Be SHOCKED at The Names I’ve Seen!’ Epstein, Guthrie Abduction & Megyn Kelly Super Bowl Row",549000,3872,https://www.youtube.com/watch?v=5BI3t6LmadE
679,nF6GKYZzS_Q,Piers Morgan vs Sam Harris On Israel-Palestine War And Islam's Impact | The Full Interview,549000,766,https://www.youtube.com/watch?v=nF6GKYZzS_Q
680,NF18fqjaehg,‘DESPICABLE!’ Trump Impeachment Congressman vs Piers Morgan Panel,548000,3427,https://www.youtube.com/watch?v=NF18fqjaehg
681,svND9fNBiAw,"'You Don't Stand Up To Evil, You LOSE!' Iran Ground Invasion | Feat John Kiriakou & Rudy Giuliani",547000,3636,https://www.youtube.com/watch?v=svND9fNBiAw
682,A5C7Fj9eOmk,'Rent-A-Royals!' Piers Morgan Bashes Prince Harry And Meghan Markle Tour,547000,2272,https://www.youtube.com/watch?v=A5C7Fj9eOmk
683,1ZK_8a1D4XM,"Piers Morgan vs Rishi Sunak Round 2 | Prime Minister Discusses Israel-Hamas War, NHS, Rwanda & More",547000,3420,https://www.youtube.com/watch?v=1ZK_8a1D4XM
684,1zme8jkQZ1U,Piers Morgan vs Kari Lake | The Full Interview,544000,1317,https://www.youtube.com/watch?v=1zme8jkQZ1U
685,voMaVTqL1OQ,Konstantin Kisin and Piers Morgan Discuss The Problems With Woke Culture,544000,519,https://www.youtube.com/watch?v=voMaVTqL1OQ
686,GCi5M35P8jo,"""Say You're SORRY!"" Culture War SHOWDOWN | Jesus Christ Superstar, Howard Stern, Harry & Meghan",543000,3008,https://www.youtube.com/watch?v=GCi5M35P8jo
687,4SSUWmn7iGE,"""Trump Will Do Whatever Putin Wants!"" Feat: Russiagate Chris Steele vs MAGA",542000,3500,https://www.youtube.com/watch?v=4SSUWmn7iGE
688,ztEDT9dl3X4,"""She Can Say What The Hell She Likes"" | Piers Morgan's Mailbag x Candace Owens vs Rabbi Shmuley",539000,857,https://www.youtube.com/watch?v=ztEDT9dl3X4
689,ahRKRKhRSug,“Start of a LONG War!” ‘Daddy’ Trump at NATO After Israel-Iran Ceasefire,537000,4226,https://www.youtube.com/watch?v=ahRKRKhRSug
690,p1lrvj9Mhjk,"""It's Been Five Years Of Hell!"" Ozzy Osbourne On Overcoming Health Struggles",537000,683,https://www.youtube.com/watch?v=p1lrvj9Mhjk
691,YrXDsUpmCJo,“VINDICATED!” Prince Harry LOSES Court Case Against Media | Accused Journalist Speaks OUT,536000,2681,https://www.youtube.com/watch?v=YrXDsUpmCJo
692,4Dj1iCNDzs4,“Hamas is USING the Palestinian people” Piers Morgan vs Tulsi Gabbard,536000,2427,https://www.youtube.com/watch?v=4Dj1iCNDzs4
693,Z9DM3ayOOu8,"""GRIFTERS!"" Is Harry & Meghan Australia Tour a Step Too Far? | Plus Josh Duhamel Interview",534000,2809,https://www.youtube.com/watch?v=Z9DM3ayOOu8
694,meimv0Mfb1c,"""Trump Is a Brilliant Comedian!"" Tim Dillon On Free Speech, Israel, Comedy & More",534000,3108,https://www.youtube.com/watch?v=meimv0Mfb1c
695,4EfOAMIbAcs,"Israel-Hamas War: Crown Prince Of Iran Tells Piers Morgan Regime ""Is The Godfather Of Terrorism""",534000,855,https://www.youtube.com/watch?v=4EfOAMIbAcs
696,-n4r9ub87dY,"""You DON'T Know That!"" Piers Morgan Challenges Kari Lake For Saying Donald Trump Is Innocent",534000,634,https://www.youtube.com/watch?v=-n4r9ub87dY
697,-pZgjx419AI,"Piers Morgan vs Michael Franzese Part 2 | On Andrew Tate, Israel & More",531000,1580,https://www.youtube.com/watch?v=-pZgjx419AI
698,Cs3UbPAIptI,"""He Diagnoses The Problems Correctly"" Matt Walsh On Andrew Tate & More",531000,1867,https://www.youtube.com/watch?v=Cs3UbPAIptI
699,Qla4Mw2dBPw,Andrew Tate’s Lawyer Gives Update On Tate Brothers: “He Has Trouble Sleeping”,530000,518,https://www.youtube.com/watch?v=Qla4Mw2dBPw
700,lWErtp18-cM,"Piers Morgan Interviews REAL Wolf Of Wall Street Jordan Belfort On Margot Robbie, Trump And More",529000,2655,https://www.youtube.com/watch?v=lWErtp18-cM
701,eEHK82k5NqM,‘TOTAL Betrayal!’ Can Republicans Survive Trump's War On Iran? + New Ayatollah 'Will Not Last',527000,3580,https://www.youtube.com/watch?v=eEHK82k5NqM
702,GoCQcsvoVsI,‘‘Keep Your Fat Ass At HOME!’’ ICE Shooting With Nick Shirley & Adam Carolla,527000,2936,https://www.youtube.com/watch?v=GoCQcsvoVsI
703,sKPmAJHR1pg,"""Womanhood Is Under ATTACK!"" Piers Morgan On Transgender 'Miss Netherlands' Winner",527000,555,https://www.youtube.com/watch?v=sKPmAJHR1pg
704,JtlyEYE-gfs,“Destined To COLLAPSE!” Trump’s Iran War Deal Angers Israel,526000,3146,https://www.youtube.com/watch?v=JtlyEYE-gfs
705,Zq1hNX0TNg8,'You're a Spokesman For TERRORISM' Netanyahu Asks For Pardon | Dave Smith vs Jonathan Conricus,526000,2591,https://www.youtube.com/watch?v=Zq1hNX0TNg8
706,zKwxA4DMdPw,"""Give Me A F****** BREAK!"" Tom Homan On Immigration | With Benny Johnson & Geraldo Rivera",526000,3808,https://www.youtube.com/watch?v=zKwxA4DMdPw
707,KRZ_SzZb-co,"""A SICK Person!"" Megyn Kelly On Gavin Newsom, Trump, Elon Musk & More",525000,1987,https://www.youtube.com/watch?v=KRZ_SzZb-co
708,p6RP2C9uN-8,"""I'll NEVER Trust Him"" President Zelensky on Trump, Putin, Paralympics & Why Russia Should Apologize",524000,6748,https://www.youtube.com/watch?v=p6RP2C9uN-8
709,JRjxC4kK1BY,“They Want to Commit GENOCIDE in DARKNESS!” Piers Morgan vs Palestinian Ambassador Husam Zomlot,524000,2048,https://www.youtube.com/watch?v=JRjxC4kK1BY
710,Z8MyPsKOUUE,Piers Morgan vs Sadiq Khan | The Full Interview,524000,2264,https://www.youtube.com/watch?v=Z8MyPsKOUUE
711,CkDh9UxrhT8,Kevin Pietersen Defends Cristiano Ronaldo After Explosive Interview,523000,454,https://www.youtube.com/watch?v=CkDh9UxrhT8
712,9QD0drvm1DE,"""You Are a DANGEROUS MAN!"" Rabbi Shmuley vs Iceland Protester + Steven Crowder",519000,4373,https://www.youtube.com/watch?v=9QD0drvm1DE
713,lLkQv37EJlk,“EPIC Win!“ Trump's Billion BBC Lawsuit + Tucker Carlson vs Ben Shapiro on Fuentes,519000,3750,https://www.youtube.com/watch?v=lLkQv37EJlk
714,N7cKyy_D-VA,"""Mushrooms Can't Be Gay!"" Piers Morgan's Debate With James Barr Over Funghi's 'Sexuality'",519000,428,https://www.youtube.com/watch?v=N7cKyy_D-VA
715,XPZr7qBh_pQ,"""I'd Be FURIOUS!"" Piers Morgan Debates Gender Identity In Schools",519000,464,https://www.youtube.com/watch?v=XPZr7qBh_pQ
716,gDZGyT-NiLY,“Just The BEGINNING” Andrew ‘Compromised by Russian Intelligence’ - Should King Charles Step Down?,518000,3814,https://www.youtube.com/watch?v=gDZGyT-NiLY
717,9rk0nRJMSbE,‘Playing With FIRE!’ Nick Fuentes Divides MAGA | With Jake Shields & Rabbi Shmuley,518000,3101,https://www.youtube.com/watch?v=9rk0nRJMSbE
718,UFnXEFW7_-g,"""It's A STAIN On Humanity"" Piers Morgan SLAMS Eurovision Song Contest",516000,549,https://www.youtube.com/watch?v=UFnXEFW7_-g
719,JqwFiSQ4JkQ,"""Why Are You GAY?"" Piers Morgan of Uganda + Pope's Brother Makes SHOCKING Confession | 2025 Review",515000,4128,https://www.youtube.com/watch?v=JqwFiSQ4JkQ
720,X8VkYHwIvgA,'He's NOT Serious!' Harry Sisson Responds To Trump Meme | With Scott Horton and Rand Paul,515000,3890,https://www.youtube.com/watch?v=X8VkYHwIvgA
721,Bx96T5lwoKI,Donald Trump On Piers Morgan Uncensored - The FULL Saga!,515000,418,https://www.youtube.com/watch?v=Bx96T5lwoKI
722,F1dYGIKFPbc,“Torture Does NOT Work!” Explosive Report On Brutality Against Palestinians In Israel-Hamas War,514000,4246,https://www.youtube.com/watch?v=F1dYGIKFPbc
723,qwd6QPO4vzg,Piers Morgan Interviews Race Director After Transgender Cyclist Wins Women's Race,514000,472,https://www.youtube.com/watch?v=qwd6QPO4vzg
724,-SiolTC-F_w,“You’re A JOKE!” Trump Shooting Debate & Free Speech ‘Hypocrisy’ | With Cenk Uygur & Glenn Beck,512000,4334,https://www.youtube.com/watch?v=-SiolTC-F_w
725,zs5dI4XH630,"""Meghan Had To Learn To Be Black!"" Sir Trevor Phillips On Racism In The UK",511000,1142,https://www.youtube.com/watch?v=zs5dI4XH630
726,mstj6ujsW9E,"""STILL Claiming To Be The Boot?"" Tim Pool vs Dave Smith On ICE",510000,1919,https://www.youtube.com/watch?v=mstj6ujsW9E
727,RGEZpKLIzkc,"“Tried To DESTROY Him!” Eric Trump, Mike Johnson & More On Federal Troops & Epstein Files",510000,5324,https://www.youtube.com/watch?v=RGEZpKLIzkc
728,SUNdvLn06lw,"""We Were LIED To!"" White House Health 'Cover-Up', Jeffrey Epstein + Jason Miller Blasts Bidens",510000,3312,https://www.youtube.com/watch?v=SUNdvLn06lw
729,kqcjXwJrzyE,"""This Country's Gonna EXPLODE!"" Trump Tariffs, Deportations & Epstein | With Kari Lake",509000,3371,https://www.youtube.com/watch?v=kqcjXwJrzyE
730,2vq51eoB9-k,"""He's Famous, But Not A Big Talent!"" Douglas Murray SLAMS Russell Brand",508000,1014,https://www.youtube.com/watch?v=2vq51eoB9-k
731,BKnKJKm9yNo,‘You’re WARCRIME-MAXXING!’ Piers Morgan vs Clavicular On Israel Scandal + Andrew Tate Arrest,505000,3281,https://www.youtube.com/watch?v=BKnKJKm9yNo
732,hK6HfIXgnhQ,"""It's JARRING!"" Christopher Nolan's 'The Odyssey' DISMANTLED By Victor Davis Hanson & Nerdrotic",505000,2647,https://www.youtube.com/watch?v=hK6HfIXgnhQ
733,ZhJP3a_r01M,'You're Full Of S***!' Piers Morgan Takes Down Moon Landing Denier | Artemis II Debate,504000,2770,https://www.youtube.com/watch?v=ZhJP3a_r01M
734,FnxZcoSWCHY,'Give Up Your Land or SHUT UP!' Bad Bunny & ICE At Super Bowl | With Bill O'Reilly,503000,2866,https://www.youtube.com/watch?v=FnxZcoSWCHY
735,7iqXXQQIZ0E,“Disgusting and Insensitive!” Piers Morgan vs New York Portal Flasher,503000,1132,https://www.youtube.com/watch?v=7iqXXQQIZ0E
736,cYGneykbYNU,"""That’s Hamas Propaganda!"" | Piers Morgan Debates US Funding For Israel",503000,1828,https://www.youtube.com/watch?v=cYGneykbYNU
737,G-USxXNu0Ow,“He Perpetrated a LIE” Stephen Colbert CANCELLED + Hunter Biden TRASHES Democrats,502000,2455,https://www.youtube.com/watch?v=G-USxXNu0Ow
738,bTb2dGsdnxU,Every Time Piers Morgan DESTROYED Prince Harry and Meghan Markle Book,497000,2123,https://www.youtube.com/watch?v=bTb2dGsdnxU
739,KFQVuiQ3ZUU,"""She is SO Unlikeable!"" Esther Krakue on Meghan Markle and The Royal Family",496000,699,https://www.youtube.com/watch?v=KFQVuiQ3ZUU
740,yE-aBex08GA,'You Never Had a Girlfriend LIE About You?!' Andrew Tate & Tristan Tate Extradition | With Dr Phil,495000,3497,https://www.youtube.com/watch?v=yE-aBex08GA
741,ScqDOpGMgCc,“Deeper Than Diddy” Brett Cooper On Justin Bieber Meltdown + Blake Lively Legal Battle,494000,1951,https://www.youtube.com/watch?v=ScqDOpGMgCc
742,oQf9kfbzccg,“SHAME On Him For LYING” Nigerian Minister Grilled On Trump 'Genocide' Claims,493000,2531,https://www.youtube.com/watch?v=oQf9kfbzccg
743,WquugDzj-2E,'Tell Israel To COOL DOWN!' State of Palestine Recognized By UK | Mike Huckabee vs Husam Zomlot,492000,2788,https://www.youtube.com/watch?v=WquugDzj-2E
744,C57ifkHYELg,"""Some Of The Most EVIL People On Earth""' Epstein Scandal Erupts | Prince Harry RETURNS To UK",492000,2399,https://www.youtube.com/watch?v=C57ifkHYELg
745,CwOUMUyqLnY,‘MASSIVE Cover-Up!’ Joe Biden Cancer Diagnosis + Gaza Debate Goes WILD,492000,4391,https://www.youtube.com/watch?v=CwOUMUyqLnY
746,_wBtBXpQym8,“She Looked Pretty Thin” Kate Middleton Powers Through Royal Duties,492000,1733,https://www.youtube.com/watch?v=_wBtBXpQym8
747,nk9Nr0WyKf0,Israel-Hamas War: Piers Morgan's FIERY Debate On Two-State Solution,492000,861,https://www.youtube.com/watch?v=nk9Nr0WyKf0
748,Zoxsc6lRMp8,"""She LIED About Us!"" Thomas Markle Jr on Meghan Markle and Prince Harry's Netflix Documentary",492000,534,https://www.youtube.com/watch?v=Zoxsc6lRMp8
749,n3LuZOLDBGA,"""Harry, GO WORK IN MCDONALDS!"" John Lydon on The Royal Family | PMU",491000,676,https://www.youtube.com/watch?v=n3LuZOLDBGA
750,cSPfNJC9D80,'Ms. Rachel Is a National TREASURE!' Antisemite Of The Year Debate | With Ana Kasparian,490000,2310,https://www.youtube.com/watch?v=cSPfNJC9D80
751,oZ5vPHZsyEM,"""It's BENEATH You!"" Trump's 'Piggy' Jibe, Nick Fuentes, Obama & More",490000,3188,https://www.youtube.com/watch?v=oZ5vPHZsyEM
752,GVNse2cRfjs,"""It's INFURIATING!"" - Swimmer Sharron Davies On Her Fight For Women's Sport",490000,499,https://www.youtube.com/watch?v=GVNse2cRfjs
753,qGfb4HxTmRU,'You're OBSESSED With Gay People!' Michael Knowles Pride Debate + Andrew Wilson vs Lauren Southern,489000,2978,https://www.youtube.com/watch?v=qGfb4HxTmRU
754,huLe3ju0dT8,"""These Things DID NOT Happen"" | Piers Morgan Doubles Down After Naming Royals Named In Racism Row",489000,627,https://www.youtube.com/watch?v=huLe3ju0dT8
755,8s88Qc0V8C8,Piers Morgan Reacts to Cristiano Ronaldo Leaving Manchester United,489000,427,https://www.youtube.com/watch?v=8s88Qc0V8C8
756,8MKiWf5M-E4,"Kate Middleton's Uncle Needs To ""Grow Up!"" | Plus What Does America Think Of Meghan Markle?",488000,2638,https://www.youtube.com/watch?v=8MKiWf5M-E4
757,r4ss3ptSlDw,"Israel-Hamas: ""You're Waging a War on CHILDREN"" | Piers Morgan vs Naftali Bennett",488000,1636,https://www.youtube.com/watch?v=r4ss3ptSlDw
758,Rv5dXwWg76Y,“Scary & DANGEROUS” Eric Weinstein vs Piers Morgan on Charlie Kirk & Free Speech,486000,2420,https://www.youtube.com/watch?v=Rv5dXwWg76Y
759,6ds8x7rwueQ,‘MAGA Cult Is OVER!’ AIPAC Michigan Defeat & Tucker’s New Party + Nick Shirley & Rand Paul,484000,4125,https://www.youtube.com/watch?v=6ds8x7rwueQ
760,9FiTx9rxiLs,"""DEMONIC Elements"" Mikhaila Peterson On Jordan Peterson, Prager & Kirk + Chris Williamson On Health",484000,2749,https://www.youtube.com/watch?v=9FiTx9rxiLs
761,w3zqO-zK0Zw,"""DISGUSTING!"" Gaza Flotilla Detainees on Israel 'Abuse' | Norman Finkelstein on 'Nazi' Post",483000,4850,https://www.youtube.com/watch?v=w3zqO-zK0Zw
762,7KeXolkASyk,"RFK Jr On Julian Assange - ""I Would Pardon Him AND Snowden""",483000,2742,https://www.youtube.com/watch?v=7KeXolkASyk
763,kAcM2JE9Jcs,"Neil deGrasse Tyson vs Piers Morgan | ""Dinosaurs Would STILL Be Here If They Had NASA""",481000,1595,https://www.youtube.com/watch?v=kAcM2JE9Jcs
764,VbT0nkJFbws,“Anti-Muslim BIGOT!” Mehdi Hasan vs Steve Hilton + Ex Tate Staffer EXCLUSIVE,480000,3654,https://www.youtube.com/watch?v=VbT0nkJFbws
765,RJPTHcU4-7U,“It’s a DISASTER!” James Gunn Turns Superman Woke! | With Nerdrotic & Dean Cain,480000,1467,https://www.youtube.com/watch?v=RJPTHcU4-7U
766,CKLD-Ww-2vI,"""You GASLIGHT Meghan!"" Piers Has HEATED Debate Over Harry and Meghan's Netflix Documentary",480000,1027,https://www.youtube.com/watch?v=CKLD-Ww-2vI
767,uR_Tx3s7SIc,“Beyond ALL Doubt Jesus” Experts Debate Shroud of Turin With Piers Morgan,478000,2592,https://www.youtube.com/watch?v=uR_Tx3s7SIc
768,uwCTktxy0ho,Was Jeffrey Epstein a Spy for Israel? Mossad Debate With Former CIA Agent,476000,3540,https://www.youtube.com/watch?v=uwCTktxy0ho
769,EAKcMtx6xxs,"""She Should Get Life in Jail"" - Man Falsely Accused By Eleanor Williams",476000,935,https://www.youtube.com/watch?v=EAKcMtx6xxs
770,K0uLhPVc_JU,"""We'll Beat The S*** Outta YOU!"" Piers Morgan Called a ****! Deontay Wilder & Derek Chisora",475000,3365,https://www.youtube.com/watch?v=K0uLhPVc_JU
771,Hhz_zB9st0Q,“NOBODY Has Won!” Cracks Already Show in Gaza Ceasefire | Piers Morgan Interviews Hamas Hostage,475000,2884,https://www.youtube.com/watch?v=Hhz_zB9st0Q
772,I7p-6HHUgl4,"""I've Been A Terrible Liar"" - Piers Morgan GRILLS George Santos | Full Interview",474000,2405,https://www.youtube.com/watch?v=I7p-6HHUgl4
773,pK_3XIXPXgk,"'FROZEN OUT By Ben Shapiro' Piers Morgan x Jeremy Boreing On Candace Owens, Tucker Carlson & Fuentes",473000,2292,https://www.youtube.com/watch?v=pK_3XIXPXgk
774,pk2BBUf_RwQ,“CATASTROPHIC” James Carville On Democrats Meltdown + Being WRONG About Trump,473000,2384,https://www.youtube.com/watch?v=pk2BBUf_RwQ
775,HEs0tSdO7tE,"""The Truth... I'm DONE!"" Tyson Fury's Retirement From Boxing Confirmed | PMU",473000,600,https://www.youtube.com/watch?v=HEs0tSdO7tE
776,knidi_FXctk,"""If You'd Like To Be LESS Patronising!"" Piers Morgan Clashes With Writer Over Fiona Bruce",472000,1018,https://www.youtube.com/watch?v=knidi_FXctk
777,S9nCMWy4NKc,"Piers Morgan vs Jordan Peterson On Israel-Hamas War, US and UK Elections And Golden Globes",471000,3297,https://www.youtube.com/watch?v=S9nCMWy4NKc
778,PkPC5D2NmDA,"""It's Not Working!"" Piers Morgan SLAMS Woke 'Censoring' Of Children's Books",468000,780,https://www.youtube.com/watch?v=PkPC5D2NmDA
779,t83JfB4N8v0,“You're a DELUDED Hypocrite!” Olympics Trans Ban + Soccer Star Branded ‘Transphobic’ Over Article,466000,1469,https://www.youtube.com/watch?v=t83JfB4N8v0
780,7TN5nmouxvw,‘NOTHING Empowering About This!’ Can You Be An OF Creator AND a Feminist?,466000,1827,https://www.youtube.com/watch?v=7TN5nmouxvw
781,iGfxsr_fMcw,"""There Is NO WAY BACK Now For Harry"" Have Harry And Meghan Gone Too Far?",466000,676,https://www.youtube.com/watch?v=iGfxsr_fMcw
782,k3q__FBcuBE,“Trying To Get The Case Thrown Out” Richard Gadd’s Testimony On Fiona Harvey,464000,1290,https://www.youtube.com/watch?v=k3q__FBcuBE
783,I6W1eKAZ7bg,"""I Don't Give A DAMN What You Say!"" Kari Lake On 'Rigged' Elections in 2022",462000,1241,https://www.youtube.com/watch?v=I6W1eKAZ7bg
784,6GSIVmGHiUk,"""I Wanted To SMACK Harry One!"" Royal Photographer Leaps To Royal Family's Defence",461000,509,https://www.youtube.com/watch?v=6GSIVmGHiUk
785,8ud-Rhg8cls,"""That Man Is GUILTY!"" Anthony Fauci SILENCE + Trump Vows Iran Revenge After Netanyahu Meeting",460000,3418,https://www.youtube.com/watch?v=8ud-Rhg8cls
786,lNa0Rj_3vHU,“We’re Never Told The TRUTH” Directors Oliver Stone & Sean Stone on Kirk & RFK Assassinations,460000,2133,https://www.youtube.com/watch?v=lNa0Rj_3vHU
787,QEdV4I8-3y8,'YOU Are Making Jews Less Safe!' Americans Jews Debate Israel-Gaza | With Peter Beinart,460000,3047,https://www.youtube.com/watch?v=QEdV4I8-3y8
788,rLFHl5FJaRI,'MAGA Rejects You!” Lindy Li vs Critics & Trump-Putin War Debate,459000,3936,https://www.youtube.com/watch?v=rLFHl5FJaRI
789,53x0FECym2M,Churchill Revisionist Branded “Low-Rate Historian” After Tucker Carlson Interview,459000,2585,https://www.youtube.com/watch?v=53x0FECym2M
790,wzmpH29AovQ,"""Are You Mr Or Mrs?"" HEATED Debate On Transgender Rights To Safe Spaces",459000,707,https://www.youtube.com/watch?v=wzmpH29AovQ
791,tLVU6oWjOu4,Andy Gray Reveals He 'Considered Taking His Own Life' Over Sky Sports Sacking,459000,1274,https://www.youtube.com/watch?v=tLVU6oWjOu4
792,qJTqcs_ur24,"“Monumental COCK-UP!"" Jasmine Crockett 'Hot Wheels' Blunder + Signal Security Breach",455000,3437,https://www.youtube.com/watch?v=qJTqcs_ur24
793,-wnwSrBIxKo,Piers Morgan vs Jeffrey Epstein's Brother | 'He Stopped Hanging Out With 'Crook' Donald Trump',454000,1621,https://www.youtube.com/watch?v=-wnwSrBIxKo
794,be0uKwXrEcs,"""They Saved Reality TV!"" Tim Dillon Mocks Harry And Meghan's 'Shameful' Behaviour",454000,537,https://www.youtube.com/watch?v=be0uKwXrEcs
795,-HxbB3I001o,"""CATASTROPHIC Failure!"" Trump Dinner Assassination Attempt & Royal Visit | With Kari Lake",453000,5069,https://www.youtube.com/watch?v=-HxbB3I001o
796,fj0Vc_AHkYw,"""Moral MONSTERS!"" War and Religion Debate With Rev Franklin Graham & Wesley Huff",452000,2834,https://www.youtube.com/watch?v=fj0Vc_AHkYw
797,WxvsXbrUGhY,"“Tuchel Has Got It Wrong” John Terry, Simon Jordan & Piers Morgan Debate England's World Cup Hopes",451000,3278,https://www.youtube.com/watch?v=WxvsXbrUGhY
798,PFHz-2W2sFs,"PART 1: Piers Morgan's Most Fiery Debates ft. Mizzy, Vegans And Jeremy Corbyn",450000,2853,https://www.youtube.com/watch?v=PFHz-2W2sFs
799,ZKAVZVUZLgY,"""Israel Is DESPISED!"" Trump's US-Iran Deal Threatened By Hezbollah Strikes",449000,2762,https://www.youtube.com/watch?v=ZKAVZVUZLgY
800,gEEorJP7204,"'I WON The Fight Against 50 Cent!"" | Ja Rule On Diddy Allegations, His UK Ban And More",449000,2242,https://www.youtube.com/watch?v=gEEorJP7204
801,nVrLiyUzs7c,‘We NEED Trump To Release This Information’ Is Alien Existence Being Hidden? With David Kipping,448000,2279,https://www.youtube.com/watch?v=nVrLiyUzs7c
802,IxhcCfvQpg8,"""Do Hamas Fighters Have TATTOOS On Their Foreheads?!"" Piers' Pack on Gaza, Gender Identity And More",448000,2315,https://www.youtube.com/watch?v=IxhcCfvQpg8
803,7TV3FuTpJRo,"""Existential Threat To Human Life"" Eric Weinstein On Iran, Epstein, UFOs & More...",446000,2775,https://www.youtube.com/watch?v=7TV3FuTpJRo
804,AEHbRxz1ZAc,"Piers Morgan's Debate On Suspended 'Jihad Doctor': ""STOP Using Your Skin Colour!""",446000,1859,https://www.youtube.com/watch?v=AEHbRxz1ZAc
805,RM0AOHx8OOk,‘Send a Warrant To TRUMP!’ US REJECTS Iran Plan | With Former Israeli PM Naftali Bennett,444000,3658,https://www.youtube.com/watch?v=RM0AOHx8OOk
806,ijwjdzNvQ7Q,“FREE DIDDY!” Ray J on Sean Combs Trial and Who Tried To Shoot Him,444000,1410,https://www.youtube.com/watch?v=ijwjdzNvQ7Q
807,MuCTJJQdISw,“An Award To Hamas!” Israel President Herzog CONDEMNS Recognition Of Palestine,443000,1589,https://www.youtube.com/watch?v=MuCTJJQdISw
808,yUcmDkaFiRA,"""Too Many People CROSSED The Line!"" The Treatment Of Kate Middleton",443000,1538,https://www.youtube.com/watch?v=yUcmDkaFiRA
809,yfbNev0tA4M,Lawyer Explains And Predicts Outcome Of Alec Baldwin On-Set Shooting Case,441000,446,https://www.youtube.com/watch?v=yfbNev0tA4M
810,w6w5OU1YqRE,“UTTER Disrespect!” Gaza ‘Ceasefire’ & Trump Slams Putin | With Glenn Greenwald,440000,2239,https://www.youtube.com/watch?v=w6w5OU1YqRE
811,dH14a0E5_Kw,"""Remorseless, SELFISH Couple!"" Harry & Meghan's Ill-Timed Announcement",440000,1728,https://www.youtube.com/watch?v=dH14a0E5_Kw
812,2jVJwJpqlxM,'He Was EXONERATED!' Michael Jackson Documentary Questioned By His Defense Attorney,439000,2003,https://www.youtube.com/watch?v=2jVJwJpqlxM
813,b7SNzA5zgLc,"""Out of His MIND"" Ye West 'Heil Hitler', Shiloh Hendrix & Cassie Testifies at Diddy Trial",439000,3158,https://www.youtube.com/watch?v=b7SNzA5zgLc
814,Nzij1LDo2x0,"""Men Can Have A 9-Inch P**** And Be A Woman!"" Gad Saad On Gender Identity",437000,551,https://www.youtube.com/watch?v=Nzij1LDo2x0
815,nuqTGZs6OkA,"""STAND For Dead Soldiers!"" Piers Morgan Israel Debate ERUPTS Over Protest",436000,2981,https://www.youtube.com/watch?v=nuqTGZs6OkA
816,_fKYNQUHW4Y,“Act of TREASON” Trump’s State of The Union + Epstein Files | Call For King Charles To Step DOWN,435000,3569,https://www.youtube.com/watch?v=_fKYNQUHW4Y
817,0W_tBKqnCas,"""GET A LIFE! MOVE ON!"" Sharon Osbourne On Harry and Meghan's Netflix Show",435000,810,https://www.youtube.com/watch?v=0W_tBKqnCas
818,qQAYjga2iPE,"""You KILLED Charlie Kirk!"" Iran War, Lindsey Graham & More | Plus Karl Stefanovic Speaks OUT!",433000,5129,https://www.youtube.com/watch?v=qQAYjga2iPE
819,bxDeDEgE8FM,"'His Wife Has a Restraining Order!' Albrego Garcia Deportation, Trump Harvard Takeover & Blue Origin",429000,3643,https://www.youtube.com/watch?v=bxDeDEgE8FM
820,cgHftUYA9rQ,“It Was STAGED!” Ilhan Omar Syringe Attack + ICE Debate | With Brian Tyler Cohen,428000,3166,https://www.youtube.com/watch?v=cgHftUYA9rQ
821,V0_INEKm_Bk,"Piers Morgan Discusses Ben Shapiro Rap With Tom MacDonald, DJ Vlad And Talib Kweli",428000,959,https://www.youtube.com/watch?v=V0_INEKm_Bk
822,XJH5YSo1ifg,‘I STAND By It!' Nicholas Kristof DOUBLES DOWN on NYT Israel Brutality Report - With Eric Weinstein,427000,3954,https://www.youtube.com/watch?v=XJH5YSo1ifg
823,syyIrK4e_Oo,‘Ukraine Is A Corrupt MESS’ Trump Finalizes Russia Peace Deal | With Jeffrey Sachs,427000,3682,https://www.youtube.com/watch?v=syyIrK4e_Oo
824,tCJRwlH948E,"Zelensky: 'We Want NUKES!' Plus: 'Tucker Carlson, Stop Licking Putin's Ass!'",426000,5575,https://www.youtube.com/watch?v=tCJRwlH948E
825,necN0MxZpPw,"""Prince Harry's Turned The Royal Family Into A Soap!"" Sharon Osbourne Reacts To Interview",425000,860,https://www.youtube.com/watch?v=necN0MxZpPw
826,LMFrrP0ilQw,“Iran’s HOLOCAUST” Death Toll Uncovered - How Long Until Trump Declares War?,424000,3512,https://www.youtube.com/watch?v=LMFrrP0ilQw
827,Oc8omXGZDnQ,"""It's All To Get ATTENTION!"" Prince Harry Flies To UK To Visit Sick King Charles",424000,563,https://www.youtube.com/watch?v=Oc8omXGZDnQ
828,o-c4t7QL8ZY,"""I Want To DESTROY This Movement!"" Graham Linehan Interview + MAGA-Britain Debate",422000,4096,https://www.youtube.com/watch?v=o-c4t7QL8ZY
829,AhxhdVygoHM,“INDEFENSIBLE!” Files VANISH + Family of Idaho Murder Victim Speak Out,421000,4448,https://www.youtube.com/watch?v=AhxhdVygoHM
830,c9lovbICwzc,“American NIGHTMARE!” Ron Paul + O’Leary vs de Blasio | Mamdani + Trump’s Big Beautiful Bill,421000,3188,https://www.youtube.com/watch?v=c9lovbICwzc
831,fXtdRD8dYbU,"""GROW UP, Piers!"" Roger Waters On Iran, Venezuela, Trump & Ozzy Osbourne",420000,2575,https://www.youtube.com/watch?v=fXtdRD8dYbU
832,6WZ1jsU-BxM,"""You Can't BEAR The Truth!"" Lord Heseltine Blasts TalkTV Hosts Over Brexit",418000,670,https://www.youtube.com/watch?v=6WZ1jsU-BxM
833,R6BFtJIzuJs,‘Charlie Kirk Was Holding MAGA Together’ Conservatives WAR Over Nick Fuentes | With Dave Rubin,415000,3695,https://www.youtube.com/watch?v=R6BFtJIzuJs
834,z2q_6uGb-i4,“You People Are INSANE!” Is Woke Dead? Six Liberals vs Piers Morgan,412000,4207,https://www.youtube.com/watch?v=z2q_6uGb-i4
835,BGvfP2qceX8,"""Like An Authoritarian!” Trump Demolishes East Wing + Kamala Running Again? | With Brian Tyler Cohen",411000,4050,https://www.youtube.com/watch?v=BGvfP2qceX8
836,ANAnoXJUOb0,Piers Morgan Delivers Powerful Tribute To HM Queen Elizabeth II,410000,195,https://www.youtube.com/watch?v=ANAnoXJUOb0
837,jDPCxMAe0Sc,“Flinging S*** at Each Other!” MAGA’s Israel War With Benny Johnson & Steven Crowder,408000,4614,https://www.youtube.com/watch?v=jDPCxMAe0Sc
838,S9L64k8D0PY,'I Don't Like To Beg' Stephen A. Smith For President? Plus Harry Sisson Gone MAGA?,408000,3582,https://www.youtube.com/watch?v=S9L64k8D0PY
839,I4jZ7O3kZA0,"""Just One Punch... You're Going To SLEEP'"" Canelo & Crawford vs Piers Morgan!",407000,3486,https://www.youtube.com/watch?v=I4jZ7O3kZA0
840,lpCDM9vcHHU,"Piers Morgan vs Cenk Uygur on Israel-Hamas War, Running For President And Jeffrey Epstein Files",407000,2278,https://www.youtube.com/watch?v=lpCDM9vcHHU
841,vUj2wkzSoB4,"'Complete INSANITY, ZERO Evidence!' Piers Morgan vs Roger Waters on 9/11 Conspiracies",406000,1953,https://www.youtube.com/watch?v=vUj2wkzSoB4
842,IKBUkNlzrWQ,"""He Did Everything To SMEAR"" Epstein's Mearsheimer Plot Revealed in Leaks | With Alan Dershowitz",406000,2090,https://www.youtube.com/watch?v=IKBUkNlzrWQ
843,EvZOE9U7zuQ,"The Punisher On Diddy Freak-Offs With Cassie + Tory Lanez ""INNOCENT""",406000,3200,https://www.youtube.com/watch?v=EvZOE9U7zuQ
844,fPwFUVtr5Kc,"""What's Wrong With Bikinis?"" Piers Morgan Debates Miller Lite's 'Woke' Advert",406000,661,https://www.youtube.com/watch?v=fPwFUVtr5Kc
845,jRNVZpSgK9Y,"""Still in DISBELIEF"" Riley Gaines Snaps Back At Simone Biles | Errol Musk Addresses Elon Drug Use",405000,4526,https://www.youtube.com/watch?v=jRNVZpSgK9Y
846,X0SeoCDwgy4,"Israel-Palestine War: ""These Justifications Are WEAK!"" Dr. Cornel West Slams Israel Supporter",404000,585,https://www.youtube.com/watch?v=X0SeoCDwgy4
847,27npfCCavq0,'Pursuing Your Dreams? 100% Bullsh*t' Scott Galloway vs Piers Morgan,403000,2053,https://www.youtube.com/watch?v=27npfCCavq0
848,7UAlATedZ4A,Andrew Sachs' Granddaughter Georgina Baillie Reacts To Russell Brand Allegations,403000,481,https://www.youtube.com/watch?v=7UAlATedZ4A
849,bj3hUeIShaw,'IMMORAL!' James Fishback vs Sophie Rain On ‘Sin Tax’ | Priya Patel Debates Immigration,400000,2841,https://www.youtube.com/watch?v=bj3hUeIShaw
850,ZxBjMWN28AU,"""They Will KILL Me!"" Son of Hamas Founder Turned Israeli Agent on Islam 'Identity Crisis'",400000,2207,https://www.youtube.com/watch?v=ZxBjMWN28AU
851,pde8y39pFBA,“We’re Eating F***ing GARBAGE!” Can MAGA Trust RFK Jr On Health? Feat Bryan Johnson,400000,2111,https://www.youtube.com/watch?v=pde8y39pFBA
852,riqWwAp3Dcw,"""Most Absurd Interview EVER!"" Battle Of The Campaign Managers On Trump-Harris Debate",400000,1298,https://www.youtube.com/watch?v=riqWwAp3Dcw
853,ulREZYZ2FdQ,"‘Aspinall IS My Heavyweight!’ Dana White On Fighting Eddie Hearn, UFC White House Boxers & More",398000,2254,https://www.youtube.com/watch?v=ulREZYZ2FdQ
854,v8POUprTPM4,"""Meghan's Told Harry To Go!"" Piers Morgan on King Charles' Coronation",398000,569,https://www.youtube.com/watch?v=v8POUprTPM4
855,Rt5925p3dgs,"""Exposing Cultural Insanity"" | Piers Morgan vs Professor Gad Saad On Sydney Sweeney And Elon Musk",397000,1681,https://www.youtube.com/watch?v=Rt5925p3dgs
856,12SJzBGTbqE,Israel-Hamas War: 9-Year-Old Hamas Hostage Comforts Her Father During Piers Morgan Interview,397000,2631,https://www.youtube.com/watch?v=12SJzBGTbqE
857,wP3WWs0X6hc,“This Is Why You’ll Keep LOSING!” 100 Days of Trump + Bill Belichick & Shannon Sharpe Scandals,396000,4465,https://www.youtube.com/watch?v=wP3WWs0X6hc
858,_5d2RZY8Y2E,'We're NOT Giving An INCH!' Greenland PM Responds To Trump + Epstein Latest,394000,4220,https://www.youtube.com/watch?v=_5d2RZY8Y2E
859,dmv4_w3ywn4,Israel-Hamas War: Piers Morgan Questions Israeli Official Over West Bank Attacks On Palestinians,394000,735,https://www.youtube.com/watch?v=dmv4_w3ywn4
860,b9XnkW0Mt3s,"Riley Gaines On Transgender Athletes: ""What About WOMEN Losing Out On Opportunities?""",392000,549,https://www.youtube.com/watch?v=b9XnkW0Mt3s
861,lOG9uA17fEo,Piers Morgan Interviews Conor Benn About Failed Drugs Test And Boxing Future,392000,1303,https://www.youtube.com/watch?v=lOG9uA17fEo
862,CLmFZBB3Apw,"""I'm QUITTING!"" Gary Stevenson vs Piers Morgan On Wealth, Economic Growth & Elon Musk",391000,2901,https://www.youtube.com/watch?v=CLmFZBB3Apw
863,vblpKgbJ0GE,‘ZOMBIE APOCALYPSE!” Prof Jiang on Biggest Threat To Humanity | Dog Beats Blues With Support Duck,390000,3050,https://www.youtube.com/watch?v=vblpKgbJ0GE
864,K2-O9ySpTdQ,“Boeing Has A BIG Problem” Richard Quest Unpacks Turbulence Death,390000,943,https://www.youtube.com/watch?v=K2-O9ySpTdQ
865,eeIpJqyxOa8,"""Race-Baiting CLOWN!"" BAFTAs Tourette's Row + Gavin Newsom 'Can't Read'",389000,3487,https://www.youtube.com/watch?v=eeIpJqyxOa8
866,LKv9WrygtcY,"""Come With Me To Gaza” NHS Surgeon Appeals For Piers Morgan To Visit Palestine",389000,1340,https://www.youtube.com/watch?v=LKv9WrygtcY
867,AehhknWVezw,Piers Morgan And Clay Travis Discuss Transgender Athletes With Lia Thomas' Former Teammate,389000,535,https://www.youtube.com/watch?v=AehhknWVezw
868,ky9ymYImDF4,"Piers Morgan Reacts To Madonna's ""Terrifying"" Grammys Look",389000,444,https://www.youtube.com/watch?v=ky9ymYImDF4
869,tuU2JtUdddY,"""They HATE America!"" Trump Halts ‘Third World’ Migrants After Afghan Shooting",387000,3418,https://www.youtube.com/watch?v=tuU2JtUdddY
870,0lBdzdwy9Bc,"""Woke Brigade... Leave It Alone!"" Piers Morgan Debates James Barr On Male Cinderella Play",387000,835,https://www.youtube.com/watch?v=0lBdzdwy9Bc
871,N7TjITCpH_8,Piers Morgan Urges Kate Middleton To ‘Explain’ And ‘Complain',386000,2083,https://www.youtube.com/watch?v=N7TjITCpH_8
872,lr6voTJFqp4,"""Utter SCUMBAGS"" Bondi Beach Terror Hell By Cricket Legend Michael Vaughan",385000,1158,https://www.youtube.com/watch?v=lr6voTJFqp4
873,J3_ylQcJDLU,"'I'm Gonna Have To Live With It..."" Brian Tyler Cohen's Obama Interview + Trans Shooters Debate",383000,3631,https://www.youtube.com/watch?v=J3_ylQcJDLU
874,TOeeAON8mhA,"Piers Morgan On Prince Harry and Meghan Markle's ""Money-Grabbing Betrayal""",383000,534,https://www.youtube.com/watch?v=TOeeAON8mhA
875,Sf7K1JIOMjM,"""It's Distasteful"" Princess Diana's Former Butler On Harry Linking Chase To Her Death",382000,550,https://www.youtube.com/watch?v=Sf7K1JIOMjM
876,yGQH9d7RG1g,'Most TERRIFYING Answer I've Had!' Will AI Wipe Out Humans? Piers Morgan Asks Tom Bilyeu & More,381000,2528,https://www.youtube.com/watch?v=yGQH9d7RG1g
877,XOTxT5Xu0-0,“We Need ANSWERS!” Thomas Crooks + Epstein Files - Can The White House Be Trusted?,381000,4365,https://www.youtube.com/watch?v=XOTxT5Xu0-0
878,1y7QgXXKOTQ,Heading For World War 3? Cenk Uygur vs Dennis Prager On Israel,381000,807,https://www.youtube.com/watch?v=1y7QgXXKOTQ
879,lI4-yLLxsbM,“It's NOT True!” Prince Andrew Confidant BACKTRACKS After Saying He Slept With Minors,378000,4393,https://www.youtube.com/watch?v=lI4-yLLxsbM
880,ZrNoNuk_O9g,"""What Is Going On!?"" Piers Morgan Reacts To Drag Queen Navy Ambassador",376000,442,https://www.youtube.com/watch?v=ZrNoNuk_O9g
881,g8ESKKOlfYc,"“You’re CHEATING!” FIFA Trump Balogun Scandal, Taylor Swift Wedding & Prince Harry |  Megyn Kelly",375000,3992,https://www.youtube.com/watch?v=g8ESKKOlfYc
882,Xida6JC0fnE,“What’s The Point of YOUR Boycott?” Trump State Visit | With Sir Ed Davey & Winston Marshall,374000,2351,https://www.youtube.com/watch?v=Xida6JC0fnE
883,qFGy0C409Sg,"""PROUD To Be American!"" Piers Morgan’s USA 250 Anniversary Debate",372000,3284,https://www.youtube.com/watch?v=qFGy0C409Sg
884,Ue1U6OQ25no,"""I DON'T Hate Meghan!"" Piers Morgan's True Opinion On Meghan Markle and Prince Harry",372000,849,https://www.youtube.com/watch?v=Ue1U6OQ25no
885,pZOXdTcngUw,“Attention-Seeking D***!” Kanye West BANNED + Steven Crowder on Trump Iran War & More,371000,3672,https://www.youtube.com/watch?v=pZOXdTcngUw
886,RX1RgPUyeUY,"Israel-Hamas War: Piers Morgan and Douglas Murray On Palestine, Israel and Jeremy Corbyn",371000,573,https://www.youtube.com/watch?v=RX1RgPUyeUY
887,zYFSjH-cHyE,"""You're Full of CRAP!' Will Donald Trump Run For a Third Term? Debate",370000,2612,https://www.youtube.com/watch?v=zYFSjH-cHyE
888,l9XuvDXJlZI,"Saudi Sports Minister Prince Abdulaziz on Ronaldo, Salah, Trump & World Cup",370000,5085,https://www.youtube.com/watch?v=l9XuvDXJlZI
889,ML2M9icrrKw,'We Won't See Women Priests' Interview With Pope Leo's Brother Louis Prevost,369000,3081,https://www.youtube.com/watch?v=ML2M9icrrKw
890,9bPdcfb6uFA,"""Hollywood HATES Fans"" | Joker 2, Diddy And Menendez Brothers",369000,1945,https://www.youtube.com/watch?v=9bPdcfb6uFA
891,814T-ytB_1s,"""I cried for 3 MONTHS!"" Sharon Osbourne On Being Fired From The Talk on CBS | PMU",369000,593,https://www.youtube.com/watch?v=814T-ytB_1s
892,2gUqeOPM3rU,"Piers Morgan vs Eddie Hearn vs Barry Hearn | On Jake Paul, Mike Tyson And Anthony Joshua",368000,6356,https://www.youtube.com/watch?v=2gUqeOPM3rU
893,vrFFCOHmrms,"""Where Do We Stop?"" Piers Morgan On Slavery Reparations And Apologising For History",368000,669,https://www.youtube.com/watch?v=vrFFCOHmrms
894,wHCJzeTd46Y,‘UNMISTAKABLY a US Attack’ Trump Military Accused of Bombing Iranian School,367000,2209,https://www.youtube.com/watch?v=wHCJzeTd46Y
895,C6Kx6cdwOks,"""Harry And Meghan Should Be STRIPPED Of Their Titles!"" Piers Morgan Reacts To Netflix Trailer",367000,495,https://www.youtube.com/watch?v=C6Kx6cdwOks
896,KHf4nEUA7Ys,"Piers Morgan vs Coleman Hughes  - ""I Don't See Myself As Any Kind Of Race Traitor""",363000,1155,https://www.youtube.com/watch?v=KHf4nEUA7Ys
897,uuJCFT7JLq0,"""I'd Kick Trump's ASS!"" Chris Christie vs Piers Morgan | The Full Interview",363000,1651,https://www.youtube.com/watch?v=uuJCFT7JLq0
898,efDsp1Ge6Oo,Piers Morgan SLAMS Politician's Answer To 'What Is A Woman?',363000,357,https://www.youtube.com/watch?v=efDsp1Ge6Oo
899,h_ETEWQMArQ,"""Split People By Categories, Not Gender!"" Neil deGrasse Tyson on Transgender Athletes",363000,780,https://www.youtube.com/watch?v=h_ETEWQMArQ
900,QxbZ3l4qNWc,Andrew Tate On The Problems Of Modern Men And The Need For Masculinity,362000,510,https://www.youtube.com/watch?v=QxbZ3l4qNWc
901,AOiku3Hs5B4,"""Never Seen ANYTHING Like This""' Lemon, Epstein & ICE With Glenn Beck, Benny Johnson & Ethan Klein",360000,3891,https://www.youtube.com/watch?v=AOiku3Hs5B4
902,Yg51wbSVL10,“This Is a HORROR!” Alex Pretti Death Sparks ICE Frenzy | With Vincent Oshana,360000,2801,https://www.youtube.com/watch?v=Yg51wbSVL10
903,TU_2mDusl2s,“LUDICROUS!” Rob Reiner Says Kamala Harris LIED About Him In Book | Piers Morgan Interview,358000,2630,https://www.youtube.com/watch?v=TU_2mDusl2s
904,4PLB4qPz9Fo,"""So Palestine Shouldn't Have Their Own State?"" Piers Morgan vs Mark Regev On Two-State Solution",358000,685,https://www.youtube.com/watch?v=4PLB4qPz9Fo
905,ierZlcxu8HI,Piers Morgan SLAMS Harry and Meghan For Wanting Royal Titles For Their Children,358000,567,https://www.youtube.com/watch?v=ierZlcxu8HI
906,3woXHZv6bLY,Piers Morgan's Exclusive Interview With Imran Khan | PMU,358000,817,https://www.youtube.com/watch?v=3woXHZv6bLY
907,HmJsg798YiE,"""He Sent Me A Menacing Text"" - Isabel Oakeshott On Exposing Matt Hancock",357000,1197,https://www.youtube.com/watch?v=HmJsg798YiE
908,jwcbg_cwNg0,"""By 2050 Humans Will Be Able To Regenerate!"" Neil deGrasse Tyson Predicts The Future",357000,528,https://www.youtube.com/watch?v=jwcbg_cwNg0
909,Y7OLjStp6EI,"""It's NOT Bullsh*t!"" Neil DeGrasse Tyson On UFO Files, Aliens, Wormholes And Steven Spielberg",356000,2637,https://www.youtube.com/watch?v=Y7OLjStp6EI
910,qo6LhDPgid8,“DESTROYING This Country!” Government SHUTDOWN + Trump Gaza Deal | With Victor Davis Hanson,354000,3865,https://www.youtube.com/watch?v=qo6LhDPgid8
911,DxRsLI6K7hg,Piers Morgans Eats Yogurt In Front Of Vegan In HEATED Debate Over 'Hypocritical' Advert,354000,375,https://www.youtube.com/watch?v=DxRsLI6K7hg
912,mJIUSjiscwY,"“Egos Out of CONTROL!” Piers Morgan & Kanye Update, Met Gala + Trump Hollywood Tariffs",353000,2166,https://www.youtube.com/watch?v=mJIUSjiscwY
913,oUJ5pjcEwcU,"Piers Morgan Debating Transgender Extremism: ""They Fight Ludicrous Battles!""",353000,783,https://www.youtube.com/watch?v=oUJ5pjcEwcU
914,EClzbvwfI9g,"'YOU Are An Extremist!' Owen Jones vs Josh Hammer on Gaza, Nancy Mace, El-Sayed, Sharia Law & More",351000,3946,https://www.youtube.com/watch?v=EClzbvwfI9g
915,jo5xoCwsxKo,"Israel-Hamas War: ""SHAME On Queen Rania!"" Piers Morgan vs Former Israeli PM Naftali Bennett",350000,738,https://www.youtube.com/watch?v=jo5xoCwsxKo
916,atEwLKLQcKE,"""Get Your Head Out Of Your ASS!"" Trump BOOED At NBA Finals, Iran War & Karmelo Anthony Charged",349000,3390,https://www.youtube.com/watch?v=atEwLKLQcKE
917,Z6vIh1_PXyI,"Werner Herzog vs Piers Morgan | On Putin, Hollywood Cancel Culture And More",349000,2453,https://www.youtube.com/watch?v=Z6vIh1_PXyI
918,Qve1TooRy4A,Andrew Tate Apologises For Past Comments On Islam and ISIS,349000,675,https://www.youtube.com/watch?v=Qve1TooRy4A
919,BdSDGDotQx4,"""I'm Not Here To Be LECTURED"" Israel-Hamas Debate With Wajahat Ali And Sgt. Benjamin Anthony",348000,1326,https://www.youtube.com/watch?v=BdSDGDotQx4
920,bMIDWWUn20E,"""Harry's Book Will Be DEVASTATING"" - Tom Bower on Harry and Meghan's Threat To Royals",346000,468,https://www.youtube.com/watch?v=bMIDWWUn20E
921,4HlY2sqjdpU,"""You're Full Of S***!"" Donald Trump RETURNS After 'Fake News' Health Claims",345000,2660,https://www.youtube.com/watch?v=4HlY2sqjdpU
922,VCsms1kPb6k,Piers Morgan vs Matt Walsh: 'Absurdity Of Trans Athletes In Women's Sports',343000,840,https://www.youtube.com/watch?v=VCsms1kPb6k
923,bZ_waL6TrFw,Israel-Hamas War: Piers Morgan vs US Presidential Candidate Chris Christie On Conflict,343000,674,https://www.youtube.com/watch?v=bZ_waL6TrFw
924,co5JWw2yEV0,EXCLUSIVE: 'Netanyahu Is FASCIST!' + Ehud Barak Breaks Silence On Shock Epstein Claims,342000,3088,https://www.youtube.com/watch?v=co5JWw2yEV0
925,PKyLvRKVnQ0,"""William Wants To PUNCH Harry!"" Piers Morgan On The Royal Family Drama",342000,396,https://www.youtube.com/watch?v=PKyLvRKVnQ0
926,xn_ouaJWdDk,"""It Only Ends in ARMAGEDDON"" Annie Jacobsen On Moscow Attack And Nuclear Threat",340000,1923,https://www.youtube.com/watch?v=xn_ouaJWdDk
927,KAPq0R4miow,Piers Morgan Calls For Two-State Solution And Asks Israeli Spokesperson Mark Regev How War Will End,340000,821,https://www.youtube.com/watch?v=KAPq0R4miow
928,ziANB669xZc,“Guilty of EVERYTHING He’s Crying About!” Jimmy Kimmel Uncancelled | Piers Morgan Free Speech Debate,338000,2171,https://www.youtube.com/watch?v=ziANB669xZc
929,iYTpLjYAsWo,'China OWNS Your Ass!' | Piers Morgan vs Steven Crowder Round 2,338000,1543,https://www.youtube.com/watch?v=iYTpLjYAsWo
930,dbGLpyD4rLs,"""You Can't Blame Messi For Going!"" Piers Morgan Defends Links To Saudi Arabia",338000,613,https://www.youtube.com/watch?v=dbGLpyD4rLs
931,r8cDLzeoESg,"Cuba Gooding Jr On Career-Ending Scandal: ""It's Not MY Truth!""",338000,2858,https://www.youtube.com/watch?v=r8cDLzeoESg
932,9lf9V1cJCjY,“She Spoke Her TRUTH!” Martina Navratilova on Sophie Cunningham & Megan Rapinoe Trans Rows,337000,2859,https://www.youtube.com/watch?v=9lf9V1cJCjY
933,38_HKEBdRZ4,Diddy Trial: ‘He WILL Be Convicted’ - But Is Cassie Testimony Credible?,336000,1713,https://www.youtube.com/watch?v=38_HKEBdRZ4
934,4g-kQxe2Z7I,"""Far Worse Than Negligence” £170m Netflix Lawsuit DEFENDED by Fiona Harvey’s Lawyer",335000,1481,https://www.youtube.com/watch?v=4g-kQxe2Z7I
935,HToB-SRD6kQ,'Why Did Harry And Meghan Remain Silent About Omid Scobie's Lies?' Piers Morgan BLASTS Sussexes,335000,832,https://www.youtube.com/watch?v=HToB-SRD6kQ
936,oJrNZovyCb8,The UNEDITED Donald Trump Walk Out IN FULL | PMU,335000,384,https://www.youtube.com/watch?v=oJrNZovyCb8
937,0kEkSwkwlSo,"Piers Morgan Calls Hugh Grant A ""D***"" For His 2023 Oscars Interview",333000,758,https://www.youtube.com/watch?v=0kEkSwkwlSo
938,Rj4Dpq_n1vE,"Piers Morgan Calls Prince Harry A ""Traitor"" And Meghan Markle A ""Liar""",332000,637,https://www.youtube.com/watch?v=Rj4Dpq_n1vE
939,P3rPkeapzAw,FULL Cristiano Ronaldo Piers Morgan Interview With Reaction From All-Star Sports Line-Up,331000,8293,https://www.youtube.com/watch?v=P3rPkeapzAw
940,V7B5WRC3gLs,Zlatan Ibrahimovic Says Bicycle Kick Against England Is His Best Goal Ever,331000,418,https://www.youtube.com/watch?v=V7B5WRC3gLs
941,1cX5ov2NIn8,Piers Morgan Debates Johnny Depp And Amber Heard's Public Treatment,330000,787,https://www.youtube.com/watch?v=1cX5ov2NIn8
942,1L3hIiYLdM4,"""LYING To My FACE!"" Israel Accused of 'Cleansing' Gazans To South Africa | Ambassador Ebrahim Rasool",329000,1903,https://www.youtube.com/watch?v=1L3hIiYLdM4
943,uqAInqXciUI,"""He's TRASH"" Dillon Danis Challenges Jake Paul | Plus Bob Vylan's 'Death to the IDF' Chant",329000,3186,https://www.youtube.com/watch?v=uqAInqXciUI
944,JMfLVQ3SsQ0,Piers Morgan Debates Whether Drag Queens Should Perform In Front Of Children,326000,361,https://www.youtube.com/watch?v=JMfLVQ3SsQ0
945,l4t--ZU2N6w,"""It's Just Like The Tate Brothers!"" Pearl Davis On Russell Brand Allegations",325000,354,https://www.youtube.com/watch?v=l4t--ZU2N6w
946,PSPSHO2rpmc,Israel-Hamas War: Piers Morgan Asks Mark Regev About IDF Killing Hostages And Names On Bombs,324000,938,https://www.youtube.com/watch?v=PSPSHO2rpmc
947,tdg3vAlw07M,"""Trump Sounds Like a FASCIST!"" Piers Morgan vs Slavoj Zizek On Fascism",322000,2727,https://www.youtube.com/watch?v=tdg3vAlw07M
948,kueJj7e88ec,"""It Was A Misjudgement"" - Piers Morgan And Panel Debate Phil and Holly Queue Jump Row",321000,348,https://www.youtube.com/watch?v=kueJj7e88ec
949,1jBdW43ZLFY,LGBT Activist TAUNTS Howard From Halifax in Pronoun Badges Debate,318000,572,https://www.youtube.com/watch?v=1jBdW43ZLFY
950,oUfq7bGBH8M,"Israel-Hamas War: ""Where Are Palestinians Meant To Go?"" Piers Morgan vs Israeli Ambassador",317000,586,https://www.youtube.com/watch?v=oUfq7bGBH8M
951,Bps2cH40Vf4,"""Woke Has Wrecked Society!"" Panel's FIERY Debate Over WOKE Bambi Remake",317000,801,https://www.youtube.com/watch?v=Bps2cH40Vf4
952,ojaenIcmMfg,"""They Don't Trust Harry Anymore!"" Piers Morgan On Impact Of Harry and Meghan's Documentaries",317000,835,https://www.youtube.com/watch?v=ojaenIcmMfg
953,0hnSOVCLfGE,‘WHY Wage Their War For Them?’ Trump Strikes Venezuela Boats,316000,2114,https://www.youtube.com/watch?v=0hnSOVCLfGE
954,g9EAP3v7Bl8,'That Was RACISM!' Piers Morgan's Explosive Clash With Trisha Goddard Over Prince Harry's Book,315000,537,https://www.youtube.com/watch?v=g9EAP3v7Bl8
955,Zrh-GvhwzHo,"‘The Right Is FRACTURED!’ Brett Cooper on ‘Woke’ MAGA, Bad Bunny, Clavicular & Wuthering Heights",312000,2376,https://www.youtube.com/watch?v=Zrh-GvhwzHo
956,Scpd0AVkRVo,"Andrew Tate: ""Women Belong To Men In Marriage!"" On Women Being 'Property'",312000,370,https://www.youtube.com/watch?v=Scpd0AVkRVo
957,PdLbdf0UZu8,‘Biggest Scandal In Democratic History’ Watergate vs Bidengate | Plus Emirates CEO Tim Clark,311000,4089,https://www.youtube.com/watch?v=PdLbdf0UZu8
958,dn86o33kxzw,"""Total PSYCHOS!"" Trump Vows Revenge As Iran Shoots Down Apache Helicopter",309000,4156,https://www.youtube.com/watch?v=dn86o33kxzw
959,_n9Rddl4YOA,"PART 2: Piers Morgan's Most Fiery Debates ft. Andrew Tate, Mohammed Hijab And More",309000,2854,https://www.youtube.com/watch?v=_n9Rddl4YOA
960,Yatp0SJCP5c,"“TYPICAL LIBTARD!” Trump 007 Escape, Greta PRAISES Piers Morgan + Mao Debate w/ Victor Davis-Hanson",308000,5450,https://www.youtube.com/watch?v=Yatp0SJCP5c
961,Z3budXhy5ZM,“This Is a FOREVER WAR!” Trump 'Revenge' Strikes Iran… Plus President Tucker Carlson?,308000,2911,https://www.youtube.com/watch?v=Z3budXhy5ZM
962,2BcuTEEBssM,Piers Morgan DEFENDS Jeremy Clarkson Over Harry and Meghan Rejecting Apology,307000,405,https://www.youtube.com/watch?v=2BcuTEEBssM
963,-3rlYyskdkA,"""Fighting Solves EVERYTHING!"" Who's To Blame For Political Violence? + Maria Machado On Trump",304000,3594,https://www.youtube.com/watch?v=-3rlYyskdkA
964,F82jBioz6GA,'The Pilots Sacrificed Themselves' Captain Steeeve on LaGuardia Crash + Max Amini & Afroman,303000,2771,https://www.youtube.com/watch?v=F82jBioz6GA
965,g4w4ZMbm7ac,Mystery Of The Pyramids Of Giza: Piers Morgan's Top Egyptology Moments!,302000,4440,https://www.youtube.com/watch?v=g4w4ZMbm7ac
966,sfuUlva0Jts,Piers Morgan vs Candace Owens  - The Aftermath!,301000,816,https://www.youtube.com/watch?v=sfuUlva0Jts
967,a6F21Ajqvls,Morgan's Mailbag | Rabbi Shmuley Responds To Ben Shapiro!,301000,1086,https://www.youtube.com/watch?v=a6F21Ajqvls
968,Djl6kY3qe_I,EXCLUSIVE: Man City Allegedly Accepts Illicit '£30m' In LEAKED UEFA Report,300000,1061,https://www.youtube.com/watch?v=Djl6kY3qe_I
969,KnbikqYEL-c,"""I Hope Trump's My Adviser!"" Vivek Ramaswamy On Wanting Donald Trump Behind Him",299000,723,https://www.youtube.com/watch?v=KnbikqYEL-c
970,3oxQv0skHc4,"Piers Morgan vs Nick Kyrgios | On Injury, Andrew Tate Backlash, Djokovic & More",297000,2489,https://www.youtube.com/watch?v=3oxQv0skHc4
971,TFOR1oGEDXY,"""Right Thing To Do!"" Diddy's Lawyer vs Piers Morgan On Trump Pardon",296000,2857,https://www.youtube.com/watch?v=TFOR1oGEDXY
972,YTMp9t9WyOY,"""How Long Would It Take You To KILL Me?"" Francis Ngannou vs Piers Morgan",296000,2439,https://www.youtube.com/watch?v=YTMp9t9WyOY
973,8lPL-iFrrSY,"""A Travesty!"" Alec Baldwin Debate With TMZ Founder Harvey Levin",296000,1672,https://www.youtube.com/watch?v=8lPL-iFrrSY
974,IjzksZ4TrFk,"""Meghan Has A SPELL Over Him!"" Harry's Former 'Fling' On Netflix Series",295000,922,https://www.youtube.com/watch?v=IjzksZ4TrFk
975,qNJH5zt0Q-g,"""INSULTING!"" Blake Lively & Justin Baldoni Settlement Plus Met Gala Reaction | With Adam Mondschein",294000,2448,https://www.youtube.com/watch?v=qNJH5zt0Q-g
976,LBlPjld4ljk,“This is NOT America First!” Donald Trump Backs Ukraine To Win War Against Putin,294000,1965,https://www.youtube.com/watch?v=LBlPjld4ljk
977,5cTnTsbm0s4,Piers Morgan And The Osbournes React To Russell Brand Latest,293000,633,https://www.youtube.com/watch?v=5cTnTsbm0s4
978,Km96KKd-JZo,Gene Simmons of Kiss and Jerry Springer Debate If Joe Biden Is Fit To Run Again,293000,646,https://www.youtube.com/watch?v=Km96KKd-JZo
979,P1tQ94qJAmk,‘LETHAL Consequences’ Bombshell Claims Link BBC Interview To Diana Death,292000,2371,https://www.youtube.com/watch?v=P1tQ94qJAmk
980,8ql_E--i43M,"Neil deGrasse Tyson Discusses Aliens Existing, Vegans, AI and More",290000,1115,https://www.youtube.com/watch?v=8ql_E--i43M
981,9o63uECQeiE,Jeremy Kyle Gets HEATED With Islamist Over Salman Rushdie Attack,290000,491,https://www.youtube.com/watch?v=9o63uECQeiE
982,vP_txUdCobI,'People Flat Out LIED About Hulk Hogan' With Bubba The Love Sponge & Vince Russo,289000,1804,https://www.youtube.com/watch?v=vP_txUdCobI
983,dDGDwy1ErvA,"""Ronaldo is FAR from done!"" David Seaman on Cristiano Leaving Man United",288000,928,https://www.youtube.com/watch?v=dDGDwy1ErvA
984,ogaWgxC97kM,“KNUCKLEHEAD!!” DJ Vlad vs Tony Buzbee On Diddy | Elisabeth Oveson: ‘I Can't Remember If We Had Sex’,287000,2398,https://www.youtube.com/watch?v=ogaWgxC97kM
985,M4Ox8ZmpWCk,“He’s a Cold-Blooded KILLER!” Taylor Lorenz 'Fangirling' Over Luigi Mangione?,287000,1642,https://www.youtube.com/watch?v=M4Ox8ZmpWCk
986,H49ro_IgBmU,First MAGA Pope? Vatican Debate Feat Jay Dyer,286000,2946,https://www.youtube.com/watch?v=H49ro_IgBmU
987,-KQcQYImCc8,"The Osbournes On Harry and Meghan: ""Privacy Is Not What They're Looking For!""",284000,490,https://www.youtube.com/watch?v=-KQcQYImCc8
988,OtWvbRhcSkU,Vivek Ramaswamy's Message For Donald Trump Ahead Of The 2024 Elections,284000,629,https://www.youtube.com/watch?v=OtWvbRhcSkU
989,u8KNhzD1xDE,"Israel-Hamas War: Douglas Murray Responds To Norman Finkelstein Calling Gaza a ""Concentration Camp""",283000,285,https://www.youtube.com/watch?v=u8KNhzD1xDE
990,GgGa0EOSiUs,‘Just Not Fair To Women’ Aryna Sabalenka x Nick Kyrgios Face Battle Of The Sexes,280000,1980,https://www.youtube.com/watch?v=GgGa0EOSiUs
991,f1lHC7gtDFg,"""Unbelievably RUDE!"" Piers Morgan Reacts To Madonna's Cringe Moment...",280000,863,https://www.youtube.com/watch?v=f1lHC7gtDFg
992,rDeOBub-xZA,'DUMBEST Man In Right Wing Media!' Dave Rubin Jubilee Shame Unpacked,279000,1968,https://www.youtube.com/watch?v=rDeOBub-xZA
993,mu5I48hm8h8,"""The Election Was Not Rigged!"" Piers Morgan SLAMS Kari Lake Over 2020 Election Claims",278000,588,https://www.youtube.com/watch?v=mu5I48hm8h8
994,n0GmOXhMoO4,Piers Morgan Reacts To Donald Trump's CNN Town Hall Appearance,278000,204,https://www.youtube.com/watch?v=n0GmOXhMoO4
995,7pTwBtsVYSk,"""PATHETIC!"" Sharon Osbourne Demands Glastonbury BANS Kneecap | With DJ Vlad",277000,2441,https://www.youtube.com/watch?v=7pTwBtsVYSk
996,T92SoHO-HdE,"Mike Tyson Discusses THAT Plane Incident, Biting Boxer's Ear and Donald Trump",277000,1282,https://www.youtube.com/watch?v=T92SoHO-HdE
997,7MFiVBEmTGY,Piers Morgan Debates Trans Athletes - Compilation Feat Matt Walsh & Riley Gaines,276000,5402,https://www.youtube.com/watch?v=7MFiVBEmTGY
998,pMyxInxLLJU,Piers Morgan And Pearl Davis Debate Prince Harry's Royal Rift,276000,1099,https://www.youtube.com/watch?v=pMyxInxLLJU
999,P7CiRadpUpw,"""Genius-Level REPTILE!"" Gabor Mate vs Gad Saad On Elon Musk, Grooming Gangs & Migration",275000,3163,https://www.youtube.com/watch?v=P7CiRadpUpw
1000,178ec0ZUJPQ,‘Expecting An Attack Any Day Now” Venezuela Boat Strikes With John Kiriakou & Ed Calderon,274000,2158,https://www.youtube.com/watch?v=178ec0ZUJPQ
1001,zTUNCUrig9Q,Piers Morgan's Coverage of Israel-Palestine - Two Years On From October 7,274000,3425,https://www.youtube.com/watch?v=zTUNCUrig9Q
1002,vFTng75QcUg,What Matt Hancock Said About Piers Morgan In LEAKED WhatsApp Messages,274000,350,https://www.youtube.com/watch?v=vFTng75QcUg
1003,qubpJrfsyWs,"""Barbie Is An ASSAULT On Men!"" Piers Morgan Debates If Iconic Doll Is A Feminist",273000,600,https://www.youtube.com/watch?v=qubpJrfsyWs
1004,FVRaNTZanGQ,Martina Navratilova's Emotional Interview With Piers Morgan On Fight Against Double Cancer,273000,2855,https://www.youtube.com/watch?v=FVRaNTZanGQ
1005,Ef5pyzRBXxM,"""It Sounds Like HELL!"" David Portnoy Learns About Cricket From Piers Morgan",272000,481,https://www.youtube.com/watch?v=Ef5pyzRBXxM
1006,w17XQ8B4LSI,"""Don't Invite Harry and Meghan!"" Piers Morgan Debates Coronation Invitation",272000,802,https://www.youtube.com/watch?v=w17XQ8B4LSI
1007,BQPxCscEEh8,"""WHAT RACISM?"" Piers Morgan's HEATED Debate Over Harry and Meghan's Allegations",270000,969,https://www.youtube.com/watch?v=BQPxCscEEh8
1008,KV7Pm8ySwV0,Piers Morgan's HEATED Debate With Taliban Spokesperson On Women's Education | PMU,270000,1032,https://www.youtube.com/watch?v=KV7Pm8ySwV0
1009,XqhcVevJr-A,Footballer Jack Diamond Tells Piers Morgan About False Charges Hell,269000,1691,https://www.youtube.com/watch?v=XqhcVevJr-A
1010,uVxvSQCM6V8,"“Nobody Is Above The Law” | Charlamagne Tha God On Trump, Diddy & More",268000,2770,https://www.youtube.com/watch?v=uVxvSQCM6V8
1011,4xTFxWdTGUY,"Piers Morgan Debates The Barbie Movie With Love Island's Chris Taylor, Who Was Cast By Margot Robbie",266000,1085,https://www.youtube.com/watch?v=4xTFxWdTGUY
1012,v3NOPzEyonU,‘DISASTROUS Pseudoscience!' Will RFK Make America Healthy Again? With Bret Weinstein,263000,3449,https://www.youtube.com/watch?v=v3NOPzEyonU
1013,pUCZ4TmMXU8,"""God Forbid You Cross Putin!"" Jack Barsky On Lies, Sex and Spying | Real KGB Agent",263000,3561,https://www.youtube.com/watch?v=pUCZ4TmMXU8
1014,CQtDtSwjETg,"""He's A Disingenuous IDIOT!"" Piers Morgan SLAMS Prince Harry and Meghan Markle",263000,509,https://www.youtube.com/watch?v=CQtDtSwjETg
1015,bAoFL9HfImY,"Rupert Everett On Russell Brand: ""He Is A Strange Character... But He Behaved Fine On Set!""",262000,794,https://www.youtube.com/watch?v=bAoFL9HfImY
1016,pyzf-J2H9wg,Piers Morgan vs Brian Cox | The Full Interview,262000,1612,https://www.youtube.com/watch?v=pyzf-J2H9wg
1017,7eIYAsC8tCQ,"""Why Has That Money Not Gone To Charity?"" Piers Morgan Grills Family of Captain Sir Tom Moore",259000,215,https://www.youtube.com/watch?v=7eIYAsC8tCQ
1018,shGC7yeX3Nw,'Raging HYPOCRITES!' Hunter Hess & Team USA Slam Trump,256000,2559,https://www.youtube.com/watch?v=shGC7yeX3Nw
1019,7S9Dg9cPMbE,'I'm Being Attacked... INSANE!' Dean Cain vs Tim Miller On ICE Recruitments,256000,2183,https://www.youtube.com/watch?v=7S9Dg9cPMbE
1020,gqVYln9IVwk,Piers Morgan vs Hans Niemann (And His Lawyer) | The Full Interview,256000,1186,https://www.youtube.com/watch?v=gqVYln9IVwk
1021,ZSOt_tyZ3xc,"""Andrew Was FORCED To Settle! "" Panel Have HEATED Debate Over Prince Andrew's Settlement",256000,811,https://www.youtube.com/watch?v=ZSOt_tyZ3xc
1022,2JzqGt5ZxRQ,"""The Oprah Interview Turned Me Off Them!"" Royal Photographer on Meghan and Harry",256000,817,https://www.youtube.com/watch?v=2JzqGt5ZxRQ
1023,YPz89icRFDs,"“Should Be Charlie Kirk!” Time Person Of the Year, Strongwoman Controversy & Best Comedies Ever",255000,2455,https://www.youtube.com/watch?v=YPz89icRFDs
1024,kQjjQCZWTzY,'Putin's Replacement Will Be WORSE' - Konstantin Kisin on Putin vs Russian Coup,255000,986,https://www.youtube.com/watch?v=kQjjQCZWTzY
1025,f-DY545A6qA,"""Is He Bluffing!? It's NOT POKER!"" Ant Middleton On Handling Putin | PMU",254000,475,https://www.youtube.com/watch?v=f-DY545A6qA
1026,mK3XtU6mVFM,"""Brink Of DISASTER!"" Andrew Ross Sorkin On Elon Musk, AI Bubble + Ryan Cohen's “Hostile” eBay Plot",253000,2534,https://www.youtube.com/watch?v=mK3XtU6mVFM
1027,HaWJRUnBtFw,The Man JAILED For 48 Years For A Murder He Didn't Commit,253000,2173,https://www.youtube.com/watch?v=HaWJRUnBtFw
1028,8ku3wNQLLu8,Piers Morgan and Sam Harris React To Matty Healy LGBT Stunt In Malaysia,252000,692,https://www.youtube.com/watch?v=8ku3wNQLLu8
1029,AcdWFQlVZAc,Piers Morgan Gets HEATED Defending Queen Elizabeth's Legacy,252000,1108,https://www.youtube.com/watch?v=AcdWFQlVZAc
1030,H0KAWBAJiQk,"'Even TRUMP Sees There's a Split!' MAGA Meltdown Over Putin, Gaza & Missing Files",251000,2775,https://www.youtube.com/watch?v=H0KAWBAJiQk
1031,RF0IS1ijRIs,“It DEMEANS America” Piers Morgan Comments On Trump Guilty Verdict,251000,687,https://www.youtube.com/watch?v=RF0IS1ijRIs
1032,0eRxTcJd0Jc,"""Am I Next?"" Piers Morgan CALLS Coutts Bank To Ask Why They Banned Nigel Farage",245000,560,https://www.youtube.com/watch?v=0eRxTcJd0Jc
1033,DiEIuVawrB8,"""I DON'T BELIEVE HER"" - Friend of Kate Moss Janice Dickinson on Amber Heard vs Johnny Depp",245000,223,https://www.youtube.com/watch?v=DiEIuVawrB8
1034,gMmhlq0m3uI,"‘Iran Has NO IDEA!’ Jocko Willink on Trump, War & Running For President + Bryan Johnson SHOCK",244000,3286,https://www.youtube.com/watch?v=gMmhlq0m3uI
1035,q3l7b7bQ9Wk,"""You Can't Allow People To BULLY You!"" - Nadine Dorries Tells Piers Morgan Why She Quit As MP",241000,1240,https://www.youtube.com/watch?v=q3l7b7bQ9Wk
1036,gKHfwEV3_Vs,"""Amber Heard was VILIFIED!"" Attorney on Amber Heard's Public Treatment",241000,673,https://www.youtube.com/watch?v=gKHfwEV3_Vs
1037,aT6eLib7TCQ,“Most Powerful Person EVER” Piers Morgan Debates American Empire With Historians,237000,2717,https://www.youtube.com/watch?v=aT6eLib7TCQ
1038,DmyzFFPldus,Piers Morgan Debates Feminist On Miss England Pageant Bringing Back Bikinis,236000,763,https://www.youtube.com/watch?v=DmyzFFPldus
1039,x7QsS3TD8MU,"Piers Morgan's Fieriest One-On-One Debates! Bassem Youssef, Gary Stevenson & More",235000,5230,https://www.youtube.com/watch?v=x7QsS3TD8MU
1040,qFkKw93jqAA,"Israel-Palestine War: ""We Need Arabs To Speak Up!"" Piers Morgan vs Jewish Actress Noa Tishby",235000,600,https://www.youtube.com/watch?v=qFkKw93jqAA
1041,5AoOYaff9Nk,Piers Morgan Blasts Vegan Filmmakers Who Claim Jesus Was Vegetarian,233000,1187,https://www.youtube.com/watch?v=5AoOYaff9Nk
1042,9OtTKLnXfxM,"""Show Ronaldo More RESPECT!"" Piers Morgan Blasts Man United Fans",233000,535,https://www.youtube.com/watch?v=9OtTKLnXfxM
1043,UJmsssgbqfU,"""It's Unconstitutional and Racist!"" Guests FIERY Debate Over California Reparations",231000,434,https://www.youtube.com/watch?v=UJmsssgbqfU
1044,JV9tzdYT5FU,"""AI Could Be The End Of Democracy"" - Yuval Noah Harari On The Threat Of Artificial Intelligence",230000,758,https://www.youtube.com/watch?v=JV9tzdYT5FU
1045,qhfHfmEMa40,"""DON'T Want My Kids Living Under Chinese Rule!"" Kevin O'Leary vs Steve Keen | Economy Debate",229000,1879,https://www.youtube.com/watch?v=qhfHfmEMa40
1046,glwE8kGwoF8,“HITLERIAN!” Henry Nowak Murder ‘Racist Policing’ & Black Lives Matter Knee Hypocrisy,229000,2183,https://www.youtube.com/watch?v=glwE8kGwoF8
1047,UwIXs61O9DY,"Piers Morgan Calls Vladimir Putin Fan ""Bonkers"" For Thinking Russian Leader Is 'Peaceful'",229000,571,https://www.youtube.com/watch?v=UwIXs61O9DY
1048,3XvTGt3hDRM,"""You're Putting Words In My Mouth"" - Mustafa Barghouti vs Douglas Murray And Colonel Kemp",228000,743,https://www.youtube.com/watch?v=3XvTGt3hDRM
1049,5dC4eQJsGJY,"""Meghan TRADES OFF Harry's Fame!"" Tom Bower on Meghan Markle and Prince Harry",228000,646,https://www.youtube.com/watch?v=5dC4eQJsGJY
1050,T6I3bigvZEM,Piers Morgan Reacts To Alec Baldwin's Involuntary Manslaughter Charges,227000,425,https://www.youtube.com/watch?v=T6I3bigvZEM
1051,Bbf3FYwUOas,"""Diana Would HATE Meghan"" Panel Debate Meghan Markle and Princess Diana",227000,909,https://www.youtube.com/watch?v=Bbf3FYwUOas
1052,JMH1CJra7-Q,"""If I BOX Again, I'll GIVE You £1 Million!"" Tyson Fury on Returning To Boxing",227000,1448,https://www.youtube.com/watch?v=JMH1CJra7-Q
1053,lEt6OJEArM8,Piers Morgan vs Yuval Noah Harari On AI | The Full Interview,226000,1058,https://www.youtube.com/watch?v=lEt6OJEArM8
1054,pX6G7oSySuo,Jordan Peterson Takes On Transgender 'Radicals' With Piers Morgan,226000,279,https://www.youtube.com/watch?v=pX6G7oSySuo
1055,Lh5wdn3yy78,"""It Gave Me A Lump In My Throat!"" Mel B On Amber Heard v Depp Trial | PMU",224000,586,https://www.youtube.com/watch?v=Lh5wdn3yy78
1056,AF-68QT5l_E,“Start From The INSIDE” Savannah Guthrie Faces Ransom Deadline After Mom Kidnapped,220000,1814,https://www.youtube.com/watch?v=AF-68QT5l_E
1057,9fdY87JwkdM,‘No Such Thing As Toxic Masculinity’ Scott Galloway x Kevin O’Leary On Male Loneliness & Wealth,220000,4360,https://www.youtube.com/watch?v=9fdY87JwkdM
1058,EmhxGJuXsRw,"""Meghan Is A Brazen HUSSY!"" Royal Biographer on Prince Harry And Meghan Markle",220000,978,https://www.youtube.com/watch?v=EmhxGJuXsRw
1059,DMgEqqb_vUc,Piers Morgan SLAMS Calls For Misgendering To Become A Crime,219000,229,https://www.youtube.com/watch?v=DMgEqqb_vUc
1060,Ev2VqXV9QwU,Piers Morgan Reacts to Donald Trump vs Ron DeSantis With Kellyanne Conway,219000,760,https://www.youtube.com/watch?v=Ev2VqXV9QwU
1061,tBSijWenKv0,‘I’m RUINED!’ Mayor Eric Adams & George Santos,218000,3717,https://www.youtube.com/watch?v=tBSijWenKv0
1062,2YCUuuKIvAU,King Charles Treated With WHAT? Piers Morgan Discusses Royal Hospitalisations,218000,479,https://www.youtube.com/watch?v=2YCUuuKIvAU
1063,shZOFPQ-eME,"Piers Morgan BASHES Harry and Meghan's ""Sob-Story"" Netflix Documentary",217000,466,https://www.youtube.com/watch?v=shZOFPQ-eME
1064,JWX0rldkbW4,‘Quite a Shock’ Trump and Mamdani ‘Bro Up’ in Oval Office | With Riley Gaines,215000,2638,https://www.youtube.com/watch?v=JWX0rldkbW4
1065,1U8FQ5VEb58,Andrew Tate Claims Clinical Depression Isn't Real - Then Says He's Cured People Of It,215000,497,https://www.youtube.com/watch?v=1U8FQ5VEb58
1066,r76E6A-pCyk,'He Was Given a PASS!' Epstein Prosecutor Says Prince Andrew HAS To Be Investigated,214000,1672,https://www.youtube.com/watch?v=r76E6A-pCyk
1067,2yc-fy1ePSg,“Bellingham Was Maradona-esque!” Piers Morgan and John Terry On England’s MASSIVE Win Against Mexico,213000,3059,https://www.youtube.com/watch?v=2yc-fy1ePSg
1068,jWfA4sykKUs,DEATH On The Dock: Did Jasmine Hartin Murder The Police Chief?,212000,2574,https://www.youtube.com/watch?v=jWfA4sykKUs
1069,_nAGlgmYTTA,Piers Morgan Eats RAW LIVER With The Liver King!,211000,493,https://www.youtube.com/watch?v=_nAGlgmYTTA
1070,oCD2HHF371o,“Narcissist” Meghan Markle Mentions Herself 54 Times In One Speech,210000,492,https://www.youtube.com/watch?v=oCD2HHF371o
1071,V_r6IcfDhgs,"A HEATED DEBATE on Brexit, Gender and More With Piers Morgan",210000,951,https://www.youtube.com/watch?v=V_r6IcfDhgs
1072,YQ6ESUD3cFc,Piers and Imarn Get Into HEATED Debate Over Racism Claims in Tyre Nichols Case,209000,818,https://www.youtube.com/watch?v=YQ6ESUD3cFc
1073,6APn-6Q7VgM,"""I'm NOT A Liar!"" Victor Marx On Cat & Murder Claims + Socialist Democrats Defund PRISONS",208000,4932,https://www.youtube.com/watch?v=6APn-6Q7VgM
1074,nB2PX7GZr5E,"""Israel Are Fighting For Survival!"" Piers Morgan Debates Hamas' Threat To Israel With Niall Ferguson",206000,612,https://www.youtube.com/watch?v=nB2PX7GZr5E
1075,2h0SxoU31I8,Piers Morgan's 7 MOST HEATED Debates With Guests!,206000,496,https://www.youtube.com/watch?v=2h0SxoU31I8
1076,e3k0nO3GHeA,"""Boris is A COMPLETE LIAR!"" Johnny Rotten on Boris Johnson's Partygate",206000,822,https://www.youtube.com/watch?v=e3k0nO3GHeA
1077,_32FEPwkyKc,"Piers Morgan And Dame Joan Collins Discuss Israel-Hamas War, Holly Willoughby And More",205000,796,https://www.youtube.com/watch?v=_32FEPwkyKc
1078,fE5sN0CC_Fg,"""RONALDO IS PAST IT!"" Simon Jordan & Sean Dyche SLAM Piers Morgan's GOAT & England 4-2 Win Reaction",204000,3703,https://www.youtube.com/watch?v=fE5sN0CC_Fg
1079,c3_2ESd1evI,Piers Morgan vs George Santos | 'I Can't Explain My Lying',203000,4585,https://www.youtube.com/watch?v=c3_2ESd1evI
1080,SilRiURxP8g,"Piers Morgan Reacts To Russell Brand's Latest Response: ""There's No Clarification!""",202000,583,https://www.youtube.com/watch?v=SilRiURxP8g
1081,m4Vgd3X_9IE,"""They LOST Their IMPORTANCE!"" Sharon Osbourne on Meghan and Harry At The Jubilee",202000,436,https://www.youtube.com/watch?v=m4Vgd3X_9IE
1082,5ZruLGRmU9g,"""HAS To Be Other Existence!"" Science vs God Debate + The Man Making 'Killer War Robots'",201000,3874,https://www.youtube.com/watch?v=5ZruLGRmU9g
1083,4DU109sTFDs,"Piers Morgan Takes On Harry And Meghan's Netflix Claims, Liver King And Sharon Osbourne",201000,1095,https://www.youtube.com/watch?v=4DU109sTFDs
1084,EUzNL3uKurU,"""Get Rich Or Die Trying!"" The Secret To Power & Success With Robert Greene",199000,2943,https://www.youtube.com/watch?v=EUzNL3uKurU
1085,fIvU-haVa-E,Piers Morgan vs Anthony Weiner | Is His Sexting Scandal To Blame For Donald Trump's Presidency?,198000,1935,https://www.youtube.com/watch?v=fIvU-haVa-E
1086,TMJhQ89KEEc,"""Harry's A Real WUSS!"" Laura Ingraham's Daughter's Hilarious Take On Meghan and Harry",198000,382,https://www.youtube.com/watch?v=TMJhQ89KEEc
1087,njdJvNcIFfk,Climate Protester Gets CALLED OUT By Piers Morgan On Roadblock Protests,198000,411,https://www.youtube.com/watch?v=njdJvNcIFfk
1088,5DvMeel6a_Q,"""It's CORRUPTION!"" Piers Morgan Debates The Royal Family's Value With Anti-Monarchists",195000,578,https://www.youtube.com/watch?v=5DvMeel6a_Q
1089,k63n3YvnYNU,Piers Morgan TRASHES Prince Harry's New Book 'Spare' And His Interviews,194000,242,https://www.youtube.com/watch?v=k63n3YvnYNU
1090,XJVhKVr8MtA,"""It's Grotesque!"" Panel Has HEATED Debate Over Transgender Post-op Costa Coffee Ad",193000,747,https://www.youtube.com/watch?v=XJVhKVr8MtA
1091,k8bIZQdpUvM,Piers Morgan Takes on Harry and Meghan's 'Sob-story' Netflix Show and Vegan Activist,193000,915,https://www.youtube.com/watch?v=k8bIZQdpUvM
1092,nBjwaiSdoTc,"""If Meghan Goes To The Funeral, It'll Be About Her!"" Panel Debate Harry and Meghan Markle",192000,659,https://www.youtube.com/watch?v=nBjwaiSdoTc
1093,r97T4PIc06c,Luis Rubiales Sensationally RESIGNS In Interview With Piers Morgan,190000,135,https://www.youtube.com/watch?v=r97T4PIc06c
1094,8vEa8fuRAi8,"""I Think They're LOST!"" Sharon Osbourne on Meghan Markle and Prince Harry",186000,809,https://www.youtube.com/watch?v=8vEa8fuRAi8
1095,FJMnEgn2or4,Piers Morgan vs Vegans | Every Time Piers Morgan Ate Meat In Front Of Vegans,185000,1073,https://www.youtube.com/watch?v=FJMnEgn2or4
1096,4-qxEAwYBUw,Piers Morgan SLAMS Count Dankula Over Alex Jones Return To Twitter (X),185000,624,https://www.youtube.com/watch?v=4-qxEAwYBUw
1097,CMvOKUHVIp4,"""What About Harry's Misogyny In His Book!?"" Piers On Harry and Meghan's 'Hypocrisy'",182000,717,https://www.youtube.com/watch?v=CMvOKUHVIp4
1098,AdLkbYA0Asc,'I Thought I Was DEAD' Freddie Flintoff on How Cricket Instincts Saved Him In Car Crash,179000,2490,https://www.youtube.com/watch?v=AdLkbYA0Asc
1099,fmO44IeMHT4,"UFO Conspiracy: ""People Should Put On Battle Helmets RIGHT NOW"" Says Jeremy Corbell",179000,418,https://www.youtube.com/watch?v=fmO44IeMHT4
1100,eNmfJTKHPXI,“People Call You a Crackpot!” Piers Morgan vs Prof Donald Hoffman on Theory Of Reality,177000,2079,https://www.youtube.com/watch?v=eNmfJTKHPXI
1101,zxhCmlYiATs,"""Harry's A Hostage!"" Panel Debate Prince Harry's Fight To Stay In The US",175000,451,https://www.youtube.com/watch?v=zxhCmlYiATs
1102,iE41TgcnZMk,"""She WON'T Win WIMBLEDON!"" Martina Navratilova on Emma Raducanu",175000,557,https://www.youtube.com/watch?v=iE41TgcnZMk
1103,MQKfvsre-LY,"""Queen Camilla Is The Ultimate Side Chick!"" Panel Debate New Queen's Popularity",173000,577,https://www.youtube.com/watch?v=MQKfvsre-LY
1104,ubqHOPW4l8o,Breeder Is Going To KEEP Having Children Until Her 'Uterus Is Removed',173000,385,https://www.youtube.com/watch?v=ubqHOPW4l8o
1105,gVit0ur16Co,'Don't BOTTLE It!' Piers Morgan Slams 'Virtue-Signalling' FA Over OneLove Armband Ban,173000,480,https://www.youtube.com/watch?v=gVit0ur16Co
1106,I9QmUeqM1Eo,"Mike Rowe vs Piers Morgan | ""We Have Become Disconnected""",171000,2678,https://www.youtube.com/watch?v=I9QmUeqM1Eo
1107,ZMdD2IhaijI,Prince Harry SLAMMED Over Claims of PTSD In Afghanistan By Former Army Colonel Richard Kemp,171000,981,https://www.youtube.com/watch?v=ZMdD2IhaijI
1108,X1xSkkJR2Z8,'It's a MISTAKE!' King Charles To Visit Trump | With Royal Biographer Jonathan Dimbleby,168000,2685,https://www.youtube.com/watch?v=X1xSkkJR2Z8
1109,jpi4tbcriz0,Piers Morgan vs Luis Rubiales | The Full And Uncut Interview,168000,4807,https://www.youtube.com/watch?v=jpi4tbcriz0
1110,4eoCzRKJw6E,"""The Queen Wouldn't Behave Like That!"" King Charles III's Pen Rage Reaction",167000,539,https://www.youtube.com/watch?v=4eoCzRKJw6E
1111,IANJjVYqFCE,John Terry ‘Overlooked’ For Chelsea Manager & Ronaldo Debate With Piers Morgan And Simon Jordan,166000,2763,https://www.youtube.com/watch?v=IANJjVYqFCE
1112,BOYKMZBQ0NI,"Piers Morgan vs Donald Trump, Vivek Ramaswamy And More | Presidential Candidates Compilation",166000,763,https://www.youtube.com/watch?v=BOYKMZBQ0NI
1113,KnXPmY5dtXg,“DEFINITELY An Inside Job!” Louvre Heist + NBA Betting Scandal | Feat Michael Franzese,165000,2469,https://www.youtube.com/watch?v=KnXPmY5dtXg
1114,ywDUcrVg7_Q,“It’s Our Right To Bear Arms!” Piers Morgan and Kyle Rittenhouse Debate Gun Control Laws,164000,416,https://www.youtube.com/watch?v=ywDUcrVg7_Q
1115,rVXnD0JPnUA,Piers Morgan vs Anthony Albanese | The Full Interview,163000,3762,https://www.youtube.com/watch?v=rVXnD0JPnUA
1116,lx5NHW2Xy8A,"""She Shouldn't Be ANYWHERE Near The Royal Household!"" Piers Morgan Reacts to Royal Racism Row",163000,1040,https://www.youtube.com/watch?v=lx5NHW2Xy8A
1117,J6yOVCwLgAA,Piers Morgan DEFENDS Viral Crackhead Barney Interview,161000,998,https://www.youtube.com/watch?v=J6yOVCwLgAA
1118,AMdfuRwmGtE,"Konstantin Kisin On Migrant Crisis: ""These People Never Seem To Have A SOLUTION!""",161000,461,https://www.youtube.com/watch?v=AMdfuRwmGtE
1119,dYJRVIMow8g,'We've Been Targets For a Long Time' Eric Trump On Assassination Attempts + Running For President,160000,2324,https://www.youtube.com/watch?v=dYJRVIMow8g
1120,UYfdLVfG6Po,"""America's The Laughing Stock!"" Piers Morgan On Donald Trump vs Joe Biden",160000,955,https://www.youtube.com/watch?v=UYfdLVfG6Po
1121,kW61E2Cr-RE,Piers Morgan vs Zuby on Gen Z's Mental Health Crisis,159000,818,https://www.youtube.com/watch?v=kW61E2Cr-RE
1122,gLuhFPZouZE,"""I'm Just Stating FACTS!"" Piers Morgan's HEATED Debate With Russian MP",159000,743,https://www.youtube.com/watch?v=gLuhFPZouZE
1123,SSq8Fkhemg0,"""What Is A Woman? ME!"" Dame Joan Collins On Trans Debate | PMU",159000,948,https://www.youtube.com/watch?v=SSq8Fkhemg0
1124,_fy5L9R2yPw,"""You're Either A Free Speech Activist, Or A P*ssy"" - Ricky Gervais And Dave Chappelle BLASTED",158000,612,https://www.youtube.com/watch?v=_fy5L9R2yPw
1125,cq0Hi08Styk,"Tom Bower On Coronation 'Diversity' Qualms: ""Don't Make It About Race!""",157000,682,https://www.youtube.com/watch?v=cq0Hi08Styk
1126,oDQiT90SC_E,"""The Bible Says Homosexuality Is A SIN!"" Preacher Franklin Graham on Being Gay",157000,528,https://www.youtube.com/watch?v=oDQiT90SC_E
1127,cP6nr-W8YyE,“It’s Not Transphobic To Ask For Fairness In Women’s Sports!” Female Powerlifter On Trans Athletes,156000,484,https://www.youtube.com/watch?v=cP6nr-W8YyE
1128,vOc3ftl8Maw,Candace Owens vs Piers Morgan - Best Moments Compilation!,155000,4496,https://www.youtube.com/watch?v=vOc3ftl8Maw
1129,5A91RmxIFNM,Piers Morgan Speaks to Oleksandr Zinchenko About Arsenal and Ukraine,155000,2486,https://www.youtube.com/watch?v=5A91RmxIFNM
1130,5VtpUbxWDvs,"""He's A SURLY PRICK!"" Piers' Ronaldo 'Obsession', Scotland Underachieving & Ghana Witch Doctor Joins",152000,3042,https://www.youtube.com/watch?v=5VtpUbxWDvs
1131,Wrh0P2r0zOM,Biggest Conspiracies Uncovered By Piers Morgan: JFK & Epstein Files,152000,3571,https://www.youtube.com/watch?v=Wrh0P2r0zOM
1132,O6FiZlkvdvA,“He’s A Misogynist!” Panel React To Andrew Tate’s Tweet To Amanda Holden,152000,500,https://www.youtube.com/watch?v=O6FiZlkvdvA
1133,kYw1HZIi6EE,"""I Think It's RUDE!"" Panel Debate Meghan Markle's Late Rejection To Coronation Invite",152000,723,https://www.youtube.com/watch?v=kYw1HZIi6EE
1134,2PgpWmjnzD4,"""They RUBBISHED The Royal Family!"" Panel Debate Prince Harry and Meghan Markle's Return",151000,598,https://www.youtube.com/watch?v=2PgpWmjnzD4
1135,RkBHZ2GbIZI,"""Meghan is CONTROLLING Harry!"" Psychic On Harry and Meghan's Relationship",151000,928,https://www.youtube.com/watch?v=RkBHZ2GbIZI
1136,2PfqeqIx09s,"Morgan's Mailbag: ""I Feel Murderous!"" Piers Morgan Reacts To YOUR Comments",149000,486,https://www.youtube.com/watch?v=2PfqeqIx09s
1137,CVi5AdhtIr4,"""That's BULLSH*T!"" Simon Jordan SLAMS Enzo Maresca 'Apology', England Worries vs D.R Congo & More",148000,3259,https://www.youtube.com/watch?v=CVi5AdhtIr4
1138,bNtZpABKM8o,KILLER Mushroom Mystery Deaths In Australia Explained | Piers Morgan Uncensored,147000,688,https://www.youtube.com/watch?v=bNtZpABKM8o
1139,0SRMqMY1AqY,"""I Was In Tears!"" - Dame Joan Collins' Recounts Emotional Reaction To Queen's Death",147000,915,https://www.youtube.com/watch?v=0SRMqMY1AqY
1140,yl-ljcO5eFk,"Piers Morgan's HEATED Debate Over Donald Trump - ""I'm Sorry For Doing This Interview""",146000,564,https://www.youtube.com/watch?v=yl-ljcO5eFk
1141,Q5DOXq8htiI,"""The Vagueness Of The Affair Is STARK!"" Piers Morgan's Panel Reacts To David Beckham's Netflix Doc",145000,273,https://www.youtube.com/watch?v=Q5DOXq8htiI
1142,c_ltqIgee28,"""Elvis Was NOT Racist"" Priscilla Presley Clears Up False Elvis Presley Claims",145000,807,https://www.youtube.com/watch?v=c_ltqIgee28
1143,mEQ4QHJl7Bs,Billy The Goat Reacts To Piers Morgan's Interview With Mizzy The TikTok Prankster,144000,693,https://www.youtube.com/watch?v=mEQ4QHJl7Bs
1144,ltKdLc6FrWs,"""They Almost Banned Me!"" Female Powerlifter On Calling Out Transgender Athletes",142000,664,https://www.youtube.com/watch?v=ltKdLc6FrWs
1145,LwVyFd3AK7U,"""Donald Trump Is A Threat To Democracy!"" Charlamagane Tha God On Why He Is Voting Biden",140000,659,https://www.youtube.com/watch?v=LwVyFd3AK7U
1146,Tumb616wWgs,Tomi Lahren: 'Rainbow Mafia Has Hijacked Women's Rights',138000,769,https://www.youtube.com/watch?v=Tumb616wWgs
1147,DEKay1k-Q1I,"Doctor Tells Piers Morgan He Thinks King Charles Has Bladder Cancer - Which Would Be ""GOOD News""",137000,327,https://www.youtube.com/watch?v=DEKay1k-Q1I
1148,tnK0Gd3bDy0,"""Fat Shaming Works!"" Piers Morgan's Take On Fixing Obesity",137000,463,https://www.youtube.com/watch?v=tnK0Gd3bDy0
1149,69oHWACGAkc,"""It's Cultural VANDALISM!"" WOKE Snow White Remake DESTROYED By Ashley St. Claire",136000,527,https://www.youtube.com/watch?v=69oHWACGAkc
1150,rm-PKI0el54,Katherine Jenkins - God Save The King | Live Performance,136000,146,https://www.youtube.com/watch?v=rm-PKI0el54
1151,Dov4QBFt1Tg,"""Would You Beat Tyson Fury?"" Lennox Lewis on Fighting Tyson Fury | PMU",136000,346,https://www.youtube.com/watch?v=Dov4QBFt1Tg
1152,xgD5dfHv1kk,"Piers Morgan: ""I WILL Ask You To Condemn Things!"" | Morgan's Mailbag",135000,934,https://www.youtube.com/watch?v=xgD5dfHv1kk
1153,_SYYQcQfz9E,Piers Morgan Interviews The Iceman Wim Hof About His Famous Method,135000,576,https://www.youtube.com/watch?v=_SYYQcQfz9E
1154,teBiBJUnfKU,Piers Morgan Defends 'Cancelled' Army Hero Over Gender-Critical Views,134000,727,https://www.youtube.com/watch?v=teBiBJUnfKU
1155,YEd321pDN0o,Brian Cox on Cristiano Ronaldo and Succession,134000,1430,https://www.youtube.com/watch?v=YEd321pDN0o
1156,-evUwHP9hwY,“CAN'T Keep Relying On KANE!” Simon Jordan & John Terry SLAM England Performance + USA Win Again,133000,2761,https://www.youtube.com/watch?v=-evUwHP9hwY
1157,HcjEMDlmnRc,Princess Diana's Psychic Says Prince Harry Asked Her About His Mother's Passing,132000,616,https://www.youtube.com/watch?v=HcjEMDlmnRc
1158,OvpWGBdpDPo,"""I Need To Change Profession!"" Piers Morgan Interviews 'NPC' TikToker",130000,315,https://www.youtube.com/watch?v=OvpWGBdpDPo
1159,xxZJm0SIzhE,"""Weird From The FA..."" Piers Morgan, John Terry and Simon Jordan On Henderson & World Cup So Far",129000,3116,https://www.youtube.com/watch?v=xxZJm0SIzhE
1160,wYt5cpJ02XY,"""Oprah Looked Like The WORST Journalist In The World!"" - Panel On Harry And Meghan Interview",129000,529,https://www.youtube.com/watch?v=wYt5cpJ02XY
1161,TQ2GoT9zzwM,Andrew Tate DEFENDS Going On Alex Jones Podcast,127000,613,https://www.youtube.com/watch?v=TQ2GoT9zzwM
1162,xdgzEgDn9Is,Piers Morgan CENSORED By Facebook? Social Media Debate With Jaron Lanier and Seth Dillon,126000,1038,https://www.youtube.com/watch?v=xdgzEgDn9Is
1163,VAnr5Rrm9os,"""I Feel Embarrassed"" Ava Evans Opens Up About Laurence Fox's Misogyny And Suspension",126000,630,https://www.youtube.com/watch?v=VAnr5Rrm9os
1164,QJ0qlwSowxw,Britain's STRICTEST Headmistress Debates The Power Of Her Teaching Methods!,125000,341,https://www.youtube.com/watch?v=QJ0qlwSowxw
1165,EdSLiA-uvnM,"Piers Morgan Reacts To King Charles' Oath Of Allegiance: ""It's A Misstep""",124000,274,https://www.youtube.com/watch?v=EdSLiA-uvnM
1166,Dz55mx9CuNU,Jordan Peterson On Helping Cristiano Ronaldo And Discussing His Retirement,124000,314,https://www.youtube.com/watch?v=Dz55mx9CuNU
1167,o3uYxVUS_-4,"""It's DYSTOPIAN!"" MP Rosie Duffield On Transgender Debate and Keir Starmer's Labour",123000,1184,https://www.youtube.com/watch?v=o3uYxVUS_-4
1168,oLPo1iBaMOo,Piers Morgan Shows Support For King Charles III After Powerful Speech,123000,442,https://www.youtube.com/watch?v=oLPo1iBaMOo
1169,tCq1GyT_6_U,"""She Plays This WOKE VICTIM!"" Meghan Markle's Podcast 'Archetypes' Review",122000,398,https://www.youtube.com/watch?v=tCq1GyT_6_U
1170,OYdeRz9w3Gw,"""You Can Change GENDER But Not SEX!"" Professor Winston On 'What Is A Woman?'",122000,411,https://www.youtube.com/watch?v=OYdeRz9w3Gw
1171,SQTPpBgB2qs,"""I'll Fight For £500M!"" Tyson Fury On His Return To Boxing",122000,509,https://www.youtube.com/watch?v=SQTPpBgB2qs
1172,PYRf9EPKXRU,"""The BBC Should Reprimand Him!"" Michael Cole on Gary Lineker's Tweet",121000,1041,https://www.youtube.com/watch?v=PYRf9EPKXRU
1173,N_w_KA1ADZI,Piers Morgan: I Will NEVER Mute Guests In My Israel-Palestine Debates,118000,827,https://www.youtube.com/watch?v=N_w_KA1ADZI
1174,0yF5D7y6hqM,"Piers Morgan's US Election Debate | ""Donald Trump Is Going To Win BIG""",118000,647,https://www.youtube.com/watch?v=0yF5D7y6hqM
1175,T6MYZbiSR0c,"""She Wants To Be A Celebrity!"" Filmmaker on Shamima Begum's True Intentions",118000,394,https://www.youtube.com/watch?v=T6MYZbiSR0c
1176,9cqA0L_IKnw,"Piers Morgan, William Shatner and Howie Mandel React To Deepfake AI",117000,514,https://www.youtube.com/watch?v=9cqA0L_IKnw
1177,wSUwpLwd3q4,"""Thank You UK!"" Klitschko On Ukraine War In An Emotional Interview",117000,1405,https://www.youtube.com/watch?v=wSUwpLwd3q4
1178,NGQHLrsbFBo,"""It's Rewarding Failure!"" Piers Morgan vs Bianca Westwood On Mary Earps SPOTY Win",116000,769,https://www.youtube.com/watch?v=NGQHLrsbFBo
1179,zN3hi9EXexw,"""Harry Behaved Badly, Andrew is DISGRACED!"" Piers On Prince Harry vs Prince Andrew",115000,526,https://www.youtube.com/watch?v=zN3hi9EXexw
1180,bnL5IrlTe2o,"Reparations ""Will Tear Western Societies Apart""",114000,714,https://www.youtube.com/watch?v=bnL5IrlTe2o
1181,kyyWsU6a4lg,"Piers Morgan vs Konstantin Kisin On Harry and Meghan, Transgender Athletes And More",109000,491,https://www.youtube.com/watch?v=kyyWsU6a4lg
1182,OqXnlwct0CY,'TOTAL GRIFTER!' Arthur C. Brooks On Andrew Tate & Whether Money Can Buy Happiness,108000,1703,https://www.youtube.com/watch?v=OqXnlwct0CY
1183,kW9rpVcFDHI,Piers Morgan Reveals Phone Call With Donald Trump | With Benny Johnson And Lara Trump,108000,885,https://www.youtube.com/watch?v=kW9rpVcFDHI
1184,TWuCJgKrQaU,"""The BBC Should ANSWER To The Public"" - Piers Morgan Debates Presenter Scandal",108000,738,https://www.youtube.com/watch?v=TWuCJgKrQaU
1185,-I9TbnwEmAw,Cenk Uygur's Biggest Piers Morgan Uncensored MELTDOWNS!,106000,1297,https://www.youtube.com/watch?v=-I9TbnwEmAw
1186,YFwtyxPLstQ,"""I'm SORRY"" - Piers Morgan EXTRACTS Apology From Kwasi Kwarteng For Breaking Economy Under Liz Truss",106000,1228,https://www.youtube.com/watch?v=YFwtyxPLstQ
1187,KeH2rTh6YTY,"Harry and Meghan Reported To Stop Netflix Filming: ""I'm Not Entertaining Much Hope!""",106000,676,https://www.youtube.com/watch?v=KeH2rTh6YTY
1188,6xfDIdfNnK8,"""They Don't Need Royal Titles!"" Heated Debate Over Harry and Meghan's Royal Titles",106000,637,https://www.youtube.com/watch?v=6xfDIdfNnK8
1189,xm4tnAzkWV0,"""He's Innocent!"" Panel Debate Mason Greenwood's Release From Manchester United",105000,635,https://www.youtube.com/watch?v=xm4tnAzkWV0
1190,pdjGqFwKkXM,"Piers Morgan Takes On Andrew Tate, Chess, Misogyny and Meghan Markle",105000,1073,https://www.youtube.com/watch?v=pdjGqFwKkXM
1191,1ch0y1TByHU,"Piers Morgan BREAKS The Internet! | Cristiano Ronaldo, Andrew Tate & More",104000,2780,https://www.youtube.com/watch?v=1ch0y1TByHU
1192,BY65RdozdDg,"""They Cancelled My DOG!"" Piers Morgan Interviews Anti-Pride Month Dog Owner",103000,425,https://www.youtube.com/watch?v=BY65RdozdDg
1193,hGnZWcazZas,President Zelensky And First Lady Zelensky's FULL Interview With Piers Morgan,103000,3510,https://www.youtube.com/watch?v=hGnZWcazZas
1194,eNTd2RrlCPc,"""The Royal Family Don't Trust Harry and Meghan!"" Piers Morgan on Meghan Markle",102000,303,https://www.youtube.com/watch?v=eNTd2RrlCPc
1195,OmsuDc0DAeU,"""Mental Illness Is Over-Diagnosed!"" Piers Morgan Debates Mental Health Crisis",99000,482,https://www.youtube.com/watch?v=OmsuDc0DAeU
1196,dqqgE85y6rM,"""Rory McIlroy, Don't Begrudge Other Players!"" Greg Norman Debates LIV Golf With Piers Morgan",99000,1274,https://www.youtube.com/watch?v=dqqgE85y6rM
1197,Gn6pvufRWOs,"""You Cannot Have A RENEGADE Royal Family!"" Piers Morgan on Prince Harry and Meghan Markle",99000,391,https://www.youtube.com/watch?v=Gn6pvufRWOs
1198,f1jtSn4xjxY,Stanley Johnson WALKS OFF SET After Being Questioned About Boris,99000,765,https://www.youtube.com/watch?v=f1jtSn4xjxY
1199,CT8jPsb7tz8,"""There Is No Dignity!"" Matt Hancock Going On I’m A Celebrity Angers Ann Widdecombe",98000,1167,https://www.youtube.com/watch?v=CT8jPsb7tz8
1200,QOp6L1O0_io,"""We Had a Great Relationship"" - Harvey Weinstein's Lawyer Speaks Out",97000,1974,https://www.youtube.com/watch?v=QOp6L1O0_io
1201,N234FJye320,Fyre Festival's Billy McFarland Talks About Doing A SECOND Festival,97000,446,https://www.youtube.com/watch?v=N234FJye320
1202,V3IZUXQhUfg,Danny Cipriani Talks About Caroline Flack and Russell Brand Being 'Attacked' By Media,96000,657,https://www.youtube.com/watch?v=V3IZUXQhUfg
1203,9QMGDTxjdK8,"""We CAN'T Take Out Putin!"" Navy Seal Robert O'Neill On Eliminating Putin | PMU",96000,375,https://www.youtube.com/watch?v=9QMGDTxjdK8
1204,3dufvNwG6ss,"""It's Licensed Cheating"" Piers Morgan Reacts To Transgender Athletes In Women's Sports",95000,375,https://www.youtube.com/watch?v=3dufvNwG6ss
1205,hU2rEKp-jGY,Piers Morgan vs Eddie Hearn vs Barry Hearn | Darts Challenge & Quick-Fire Questions,94000,1179,https://www.youtube.com/watch?v=hU2rEKp-jGY
1206,Nk332zx5-NE,"""We Adults Are To Blame"" Ukraine's First Lady Olena Zelenska On Putin and Israel-Hamas",93000,2851,https://www.youtube.com/watch?v=Nk332zx5-NE
1207,ndbgec8TlBI,"""He's A PHONY!"" Piers Morgan Slams Matt Hancock's Apology",93000,535,https://www.youtube.com/watch?v=ndbgec8TlBI
1208,xqRKHQpbfKg,Piers Morgan and Sharon Osbourne's Tribute To The Late Jerry Springer,91000,734,https://www.youtube.com/watch?v=xqRKHQpbfKg
1209,mKuERlip0SI,"""Show Some Respect!"" Piers Morgan's Message To People Trashing The Queen's Death",90000,120,https://www.youtube.com/watch?v=mKuERlip0SI
1210,hFGyjbmVON4,"""Keep Women's Sport FAIR!"" Shot Putter On Transgender Athletes In Women's Sports",89000,490,https://www.youtube.com/watch?v=hFGyjbmVON4
1211,8JnWH0wM9cU,"""He Might Be Regretting It!"" Dickie Arbiter On Prince Harry's 'Spare' Book",88000,344,https://www.youtube.com/watch?v=8JnWH0wM9cU
1212,EINk1fjcfA0,“I’m STILL Their DAD!” Caitlyn Jenner On Parenting The Kardashians,88000,653,https://www.youtube.com/watch?v=EINk1fjcfA0
1213,a_1JouY5fso,"""Meghan Simply Didn't Understand!"" Tina Brown On Meghan and Harry | PMU",87000,578,https://www.youtube.com/watch?v=a_1JouY5fso
1214,is4LR8P6llU,Katherine Jenkins Performs 'Rule Britannia' To Celebrate King Charles' Coronation,86000,155,https://www.youtube.com/watch?v=is4LR8P6llU
1215,AQgv_05YraU,"""Social Media Can't Save Jake Paul!"" Tommy Fury On His Fight With Jake Paul",86000,313,https://www.youtube.com/watch?v=AQgv_05YraU
1216,5NEv01w6le4,Piers Morgan vs Kari Lake: 'People Would Vote For Trump Even If He Was In ALCATRAZ',85000,440,https://www.youtube.com/watch?v=5NEv01w6le4
1217,UqueHMQDFxE,"""It Can't Survive"" Nadine Dorries On 'This Morning' After Phillip Schofield Scandal",84000,821,https://www.youtube.com/watch?v=UqueHMQDFxE
1218,uZDX13rbRZo,"""You're A FASCIST!"" Former Union Boss Makes OUTRAGEOUS Claims About Hosts",84000,523,https://www.youtube.com/watch?v=uZDX13rbRZo
1219,xz2hz3s7v9c,Royal Photographer Reveals What He Said To King Charles III After Queen's Death,84000,499,https://www.youtube.com/watch?v=xz2hz3s7v9c
1220,VYH71GVoSR4,"""He Has Reformed Himself!"" Tom Bower On King Charles III's Past And Future",84000,551,https://www.youtube.com/watch?v=VYH71GVoSR4
1221,LttmJAjOs1w,"""Will Smith's JUST AS BAD!"" Tyrus on Dave Chappelle's Stand Up Attack | PMU",84000,515,https://www.youtube.com/watch?v=LttmJAjOs1w
1222,WXelzD4n1bI,"""Harry, This Book Is NOT A Good Idea!"" Piers Morgan on Prince Harry's Rift With Prince William",83000,348,https://www.youtube.com/watch?v=WXelzD4n1bI
1223,PLMjW4j25CE,"EXCLUSIVE: ""Dominic Raab Called Me A Silly B*tch!"" Gina Miller on Raab's 'Bullying'",82000,374,https://www.youtube.com/watch?v=PLMjW4j25CE
1224,iG2-acL-sRI,Piers Morgan Debates Julian Assange's Release With His Father and Brother,82000,883,https://www.youtube.com/watch?v=iG2-acL-sRI
1225,2nqIFAGIPcA,Jordan Peterson Teaches Piers Morgan The Power Of Listening!,82000,351,https://www.youtube.com/watch?v=2nqIFAGIPcA
1226,P9oJuYb7z8I,"""I Have Zero Sympathy"" Dwarf Actor Dylan Postl SLAMS Hugh Grant For Taking Oompa Loompa Role",81000,378,https://www.youtube.com/watch?v=P9oJuYb7z8I
1227,PVSliTRckys,"""It Was Emotional"" - Katherine Jenkins On Recording The First 'God Save The King'",81000,878,https://www.youtube.com/watch?v=PVSliTRckys
1228,735uUCW3eIA,Mick Lynch (AKA 'The Hood' From Thunderbirds) discusses Tube Strikes | PMU,81000,906,https://www.youtube.com/watch?v=735uUCW3eIA
1229,idRxD7wHQ3c,Seven Minutes of Piers Morgan's BEST Moments | PMU,81000,435,https://www.youtube.com/watch?v=idRxD7wHQ3c
1230,UEFQwkL0Ujg,"""She's NOT Telling The TRUTH!"" Danielle Lloyd on Coleen Rooney vs Rebekah Vardy",80000,525,https://www.youtube.com/watch?v=UEFQwkL0Ujg
1231,7dupl6EciLE,"Piers Morgan Defends Rishi Sunak Bet: ""I Tried To Stop People Being Mistreated!""",79000,1511,https://www.youtube.com/watch?v=7dupl6EciLE
1232,1f4l1mO7uFg,"""Donald Trump Was The BEST President!"" Golfer John Daly on America's Presidents",79000,395,https://www.youtube.com/watch?v=1f4l1mO7uFg
1233,RgCRBwS9t3M,"""It Will Be Michelle Obama vs Donald Trump!"" Clay Travis Predicts 2024 Election Outcome",78000,816,https://www.youtube.com/watch?v=RgCRBwS9t3M
1234,DoiW9PO1eHk,"Piers Morgan takes on Andrew Tate, Jordan Peterson, Matt Hancock, Meghan Markle and Just Stop Oil",78000,462,https://www.youtube.com/watch?v=DoiW9PO1eHk
1235,n4SMLL5SHlU,"""Trump Is Not Boring"" Kevin O'Leary On Donald Trump's Mugshot And Popularity",77000,594,https://www.youtube.com/watch?v=n4SMLL5SHlU
1236,TBnpg5pWgO8,"""DeSantis Will Win!"" Meghan McCann And Dave Rubin on Trump's Future",76000,1013,https://www.youtube.com/watch?v=TBnpg5pWgO8
1237,DSbX6tpGu-E,Piers Morgan takes on Cristiano Ronaldo the BEST MOMENTS,76000,726,https://www.youtube.com/watch?v=DSbX6tpGu-E
1238,Jq-54D14ztQ,"""He's Not The Devil!"" Piers Morgan Reacts To Kanye 'Ye' West Interview",76000,342,https://www.youtube.com/watch?v=Jq-54D14ztQ
1239,sN98kcQDedk,Piers Morgan Interviews The Man Who Attempted To Assassinate President Ronald Reagan,76000,1103,https://www.youtube.com/watch?v=sN98kcQDedk
1240,8CAwDuVUOJI,"""He's Suffering Profoundly!"" Wife of WikiLeaks' Julian Assange Calls For His Release",76000,586,https://www.youtube.com/watch?v=8CAwDuVUOJI
1241,ccMvmlNYHN8,“She WILL Appeal!” Ghislaine Maxwell Sentenced To 20 Years In Prison Reaction,76000,1430,https://www.youtube.com/watch?v=ccMvmlNYHN8
1242,TyFUv4J5zsA,Eminem Impersonator Vincent Marcus SCHOOLS Vivek Ramaswamy In Rap,75000,595,https://www.youtube.com/watch?v=TyFUv4J5zsA
1243,T72Ze9grTfI,"""That Election Was Rigged And Stolen!"" Donald Trump On The 2020 Election | PMU",75000,447,https://www.youtube.com/watch?v=T72Ze9grTfI
1244,-n3ufDSgelk,"Piers Morgan's Most Controversial Walkouts! Trump, Kanye, Jake Paul & More!",74000,1125,https://www.youtube.com/watch?v=-n3ufDSgelk
1245,_3aI2b-pBic,Vitali And Wladimir Klitschko's FULL Interview With Piers Morgan,74000,2444,https://www.youtube.com/watch?v=_3aI2b-pBic
1246,YdQhmWocXg0,Julia Hartley-Brewer and Piers Morgan's HEATED Debate Over Vaccines,74000,578,https://www.youtube.com/watch?v=YdQhmWocXg0
1247,UnPbeTXhoYU,"""NO! DON'T BE RUDE!"" Piers Morgan's HEATED Debate With Putin's Former Adviser",73000,599,https://www.youtube.com/watch?v=UnPbeTXhoYU
1248,FA37irtk9pg,"""I Played For TROPHIES, Not Points!"" Navratilova on Naomi Osaka and Wimbledon",72000,528,https://www.youtube.com/watch?v=FA37irtk9pg
1249,CDrhUIKCamg,"""You Don't See Colour? You Ought To!"" Panels HEATED Debate Over WOKE Cops",71000,681,https://www.youtube.com/watch?v=CDrhUIKCamg
1250,XGWdfePstLo,"""Elon Musk Wants FREE SPEECH!"" Caitlyn Jenner on Twitter and Elon Musk",71000,853,https://www.youtube.com/watch?v=XGWdfePstLo
1251,XtRsOJXq3FY,Piers Morgan vs Frankie Dettori On His Relationship With Queen Elizabeth And Surviving Plane Crash,70000,3076,https://www.youtube.com/watch?v=XtRsOJXq3FY
1252,RLdvEuzNW5o,A HEATED DEBATE On Abortion Rights And Pro Life vs Pro Choice | PMU,70000,585,https://www.youtube.com/watch?v=RLdvEuzNW5o
1253,383vTMq21ps,"""We Elevate People Like Jimmy Savile!"" Andrew Neil On 'Vulgar' Russell Brand",69000,540,https://www.youtube.com/watch?v=383vTMq21ps
1254,SZxP38f_npY,Prince Harry’s Book 'Spare' Will Be “Nail In The Coffin” For King Charles,69000,294,https://www.youtube.com/watch?v=SZxP38f_npY
1255,Sq3stMR7OsQ,"Piers Morgan takes on Cristiano Ronaldo leaving United, Kevin Pietersen and Succession",68000,984,https://www.youtube.com/watch?v=Sq3stMR7OsQ
1256,qncbxF64md8,Piers Morgan's HEATED Debate With Andrew Tate On Needing 'Authority' Over Women,66000,358,https://www.youtube.com/watch?v=qncbxF64md8
1257,06yiiEWsxME,"""Australians Think HE'S A TOOL!"" Erin Molan on Nick Kyrgios At Wimbledon",66000,758,https://www.youtube.com/watch?v=06yiiEWsxME
1258,Pv8aolJJRtw,Tomi Lahren and Grace Blakeley Have A HEATED Debate Over Trump's Presidency | PMU,65000,357,https://www.youtube.com/watch?v=Pv8aolJJRtw
1259,olJ_QfSmNio,"""Who Will Make Better Music - People Or AI?"" will.i.am vs Piers Morgan",63000,1534,https://www.youtube.com/watch?v=olJ_QfSmNio
1260,qHUOy2ETZV4,MONDAY: Piers Morgan Interviews Prime Minister Rishi Sunak - Round 2!,63000,69,https://www.youtube.com/watch?v=qHUOy2ETZV4
1261,LOzvKoHRd38,"""I Pretty Much Gave Up"" | British Family On Surviving Hamas Attacks In Gaza",63000,692,https://www.youtube.com/watch?v=LOzvKoHRd38
1262,804bXJoPf_4,"""No One Cares You Don't Care!"" Piers Morgan Slams 'Anti Monarchy' Protests",63000,231,https://www.youtube.com/watch?v=804bXJoPf_4
1263,i5GkZ5rMPEw,"Lauren Chen Takes On OnlyFans Model Over Advertising Billboard ""Take It Down!""",62000,528,https://www.youtube.com/watch?v=i5GkZ5rMPEw
1264,588P-0q9pYg,"Piers Morgan On King Charles III - ""Stay Out Of Politics!""",62000,695,https://www.youtube.com/watch?v=588P-0q9pYg
1265,ZKuPzKJmj10,Piers Morgan GRILLS Prime Minister Rishi Sunak Over NHS Nurse Wages,61000,461,https://www.youtube.com/watch?v=ZKuPzKJmj10
1266,uplsau0zslM,Piers Morgan BLASTS Richard Tice For Saying Gary Lineker Breached His BBC Contract,60000,831,https://www.youtube.com/watch?v=uplsau0zslM
1267,clyuVJcMmDE,"""Mick Jagger Is A BAD SINGER!"" Piers Morgan and Shaun Ryder React To Glastonbury",60000,725,https://www.youtube.com/watch?v=clyuVJcMmDE
1268,FYnzbyX9iUU,Bernie Ecclestone Calls Lewis Hamilton's Claims of Racism “A Load of Rubbish”,59000,2201,https://www.youtube.com/watch?v=FYnzbyX9iUU
1269,51qzZ8mcxWM,"""Taylor Swift Is The Biggest Popstar Ever!"" Piers Morgan On Why He's A Swiftie",58000,297,https://www.youtube.com/watch?v=51qzZ8mcxWM
1270,OwC8l7Yfar8,Piers Morgan's Final Goodbye to Queen Elizabeth II After State Funeral,58000,261,https://www.youtube.com/watch?v=OwC8l7Yfar8
1271,n5eCHSuukoo,"""Biden Should Debate Us!"" Marianne Williamson On Her 2024 Presidential Bid",56000,713,https://www.youtube.com/watch?v=n5eCHSuukoo
1272,bmNXNOmR7cM,"Piers Morgan takes on Royal Racism, Qatar World Cup, Migrant Deaths and Keys and Gray",56000,883,https://www.youtube.com/watch?v=bmNXNOmR7cM
1273,aqAdZzWtm70,Piers Morgan Reacts To Climate Activists Throwing Soup On Van Gogh's 'Sunflowers' Painting,55000,301,https://www.youtube.com/watch?v=aqAdZzWtm70
1274,JySIRDAqSvE,"""He's Been Lying Since 1987!"" Anne Robinson On Boris Johnson Resigning",55000,541,https://www.youtube.com/watch?v=JySIRDAqSvE
1275,JKoVm201HoA,"""Will Meghan STEP UP!?"" Anne Robinson on The Royals | PMU",55000,645,https://www.youtube.com/watch?v=JKoVm201HoA
1276,ZTD5LOusISY,"""We CAN Travel Into The Future!"" Neil deGrasse Tyson On If Time Travel Is Possible",54000,651,https://www.youtube.com/watch?v=ZTD5LOusISY
1277,l32u-aJ-s9g,"Meghan Markle and Prince Harry ""Don't Care"" About Children's Royal Titles",53000,494,https://www.youtube.com/watch?v=l32u-aJ-s9g
1278,Xrf5ydeYxu4,Amber Heard LOSES Defamation Trial And Has To Pay $15m To Johnny Depp - Full Verdict,52000,661,https://www.youtube.com/watch?v=Xrf5ydeYxu4
1279,CVrX0pek7J4,Bob Costas Debates Qatar World Cup Controversy With Piers Morgan,51000,798,https://www.youtube.com/watch?v=CVrX0pek7J4
1280,OGmGKX-hjV0,This TikTok Star MDMotivator Does Random Acts Of Kindness! | PMU,50000,273,https://www.youtube.com/watch?v=OGmGKX-hjV0
1281,Rz1BywNao1Y,Is Piers Morgan Older or Younger Than Brad Pitt?,49000,499,https://www.youtube.com/watch?v=Rz1BywNao1Y
1282,vhz9QdGfknY,Piers Morgan And Konstantin Kisin Debate Whether MPs Should Be Paid MORE,49000,469,https://www.youtube.com/watch?v=vhz9QdGfknY
1283,k_c5MJXF-7o,Ex Arsenal Boss David Dein Defends FIFA's Gianni Infantino And World Cup,49000,843,https://www.youtube.com/watch?v=k_c5MJXF-7o
1284,xbHc6UK5Gjo,“It's SO Depressing” Nick Ross on Jill Dando’s Murder ‘Conspiracy Theories’,48000,924,https://www.youtube.com/watch?v=xbHc6UK5Gjo
1285,9jGr0-VfUhw,EXCLUSIVE: Luis Rubiales Tells Piers Morgan Why He Can No Longer Work After Controversy,47000,119,https://www.youtube.com/watch?v=9jGr0-VfUhw
1286,FdSmVSnbGz0,"Piers Morgan: ""Just Stop Oil Should Change Their Name To Stop Being Utter Prats""",47000,280,https://www.youtube.com/watch?v=FdSmVSnbGz0
1287,h6SbsEisDDk,Piers Morgan Interviews Michael Block After His Fairytale PGA Championship,47000,813,https://www.youtube.com/watch?v=h6SbsEisDDk
1288,3XXOolvBKLE,EVERY Guest's Opinion on Meghan Markle and Prince Harry,47000,301,https://www.youtube.com/watch?v=3XXOolvBKLE
1289,r-fLaOpzqiE,Piers Morgan - Even MORE Uncensored! | Unleashing Unlimited Debates And Excusive Interviews,46000,90,https://www.youtube.com/watch?v=r-fLaOpzqiE
1290,UxqtAdKBFf0,'I Vow To Thee My Country' Performed By Katherine Jenkins,46000,163,https://www.youtube.com/watch?v=UxqtAdKBFf0
1291,EqcEQYMP1OI,"Tucker Carlson: ""They Plan To Hound Trump Out Of Politics Forever""",46000,902,https://www.youtube.com/watch?v=EqcEQYMP1OI
1292,yu3fWf7idCc,"""He Is SO Different To Queen Elizabeth II!"" India Hicks on Godfather King Charles III",46000,477,https://www.youtube.com/watch?v=yu3fWf7idCc
1293,3rtyjQYVNTc,"""SHE DOES NOTHING!"" Marina Purkiss on The Queen and The Royal Family",46000,308,https://www.youtube.com/watch?v=3rtyjQYVNTc
1294,6w03LK-lDLM,"""We're STILL MARRIED!"" Lilly Becker Announces She's Still Boris Becker's Wife | PMU",46000,657,https://www.youtube.com/watch?v=6w03LK-lDLM
1295,aeRaGMFK0Bk,"Prince Andrew Greater Liability Than Prince Harry And Meghan Markle, Says Kinsey Schofield",45000,631,https://www.youtube.com/watch?v=aeRaGMFK0Bk
1296,cbJfi-tSADQ,"""You Can't Spin This One!"" Defense Attorney Reacts To Trump Being Found Guilty",45000,184,https://www.youtube.com/watch?v=cbJfi-tSADQ
1297,KGoV7d-pT1E,"""Charles, JOIN The WORKING CLASS!"" Johnny Rotten Reacts to Prince's Charity Scandal",45000,790,https://www.youtube.com/watch?v=KGoV7d-pT1E
1298,NvszJHWv8I8,"Amber Heard STATEMENT - Lisa Bloom, Tomi Lahren, Janice Dickinson and More React",45000,510,https://www.youtube.com/watch?v=NvszJHWv8I8
1299,lmiCy9BHq84,Piers Morgan Debates Pro-Gun Ben Ferguson Over Texas School Shooting,45000,500,https://www.youtube.com/watch?v=lmiCy9BHq84
1300,uY3ecwig3tA,Melissa Rivers Reacts To Kim Kardashian's Met Gala dress With Piers Morgan | PMU,45000,311,https://www.youtube.com/watch?v=uY3ecwig3tA
1301,1dlS2Qc-Te8,"""You Can Take Our Life, But Not Our Hope!"" Masih Alinejad's Fight Against Iran Regime",44000,385,https://www.youtube.com/watch?v=1dlS2Qc-Te8
1302,_-8BIurxuTU,Stephen A Smith On His Apology To Rihanna About Beyoncé Being 'Better',44000,685,https://www.youtube.com/watch?v=_-8BIurxuTU
1303,PZiU0Li3LzI,"""THIS Is The American Dream?"" Piers Morgan Reacts To Kim Kardashian Nude Cover",44000,366,https://www.youtube.com/watch?v=PZiU0Li3LzI
1304,1tmavzHf2YE,“Britain Is Turning To Sh*t!” Piers Morgan’s Message To Prime Minister Liz Truss,44000,1024,https://www.youtube.com/watch?v=1tmavzHf2YE
1305,98MmF9MXmvA,Johnny Depp v Amber Heard - Tomi Lahren and Piers Morgan React | PMU,44000,336,https://www.youtube.com/watch?v=98MmF9MXmvA
1306,AzbB4si8xAE,'You Can't Cancel Ye!' Kanye West Interview Reaction | The Post Morgan,43000,1352,https://www.youtube.com/watch?v=AzbB4si8xAE
1307,VNijdQyzShE,"""Kanye Is NOT WELL!"" Lawyer Debates Kanye West's Removal From Social Media",43000,412,https://www.youtube.com/watch?v=VNijdQyzShE
1308,en5CyzoLrpU,"""COME HELP BUILD OUR WALL!"" Ann Coulter Says America Is A Priority Over Ukraine",43000,594,https://www.youtube.com/watch?v=en5CyzoLrpU
1309,hTrgvNHeMmg,Jacob Rees-Mogg Is John Lydon's Pick For The Next Prime Minister,42000,322,https://www.youtube.com/watch?v=hTrgvNHeMmg
1310,lOKkLGClTIY,"""Andrew, Harry and now Charles...What A Family!"" Panel Debate Royal Family Controversies",41000,597,https://www.youtube.com/watch?v=lOKkLGClTIY
1311,6Q3vKdUnKxg,"""We NEED And MISS Harry!"" Lord Dannatt On Prince Harry and Meghan Markle's Return To Royal Family",41000,562,https://www.youtube.com/watch?v=6Q3vKdUnKxg
1312,3YNKKaZGBsQ,"""Everything's Toxic Masculinity!"" Piers Morgan and Ben Shapiro On Cancel Culture",40000,957,https://www.youtube.com/watch?v=3YNKKaZGBsQ
1313,prCFih1o9yM,Piers Morgan and Tucker Carlson React to Will Smith Slapping Chris Rock at The Oscars,40000,280,https://www.youtube.com/watch?v=prCFih1o9yM
1314,eCzFwiw2t0c,Piers Morgan's HEATED Debate With Nadhim Zahawi On Question Time!,39000,174,https://www.youtube.com/watch?v=eCzFwiw2t0c
1315,Jga1yTYANm4,Piers Morgan Reacts To The Week's Most Viral Moments! | PMU,39000,264,https://www.youtube.com/watch?v=Jga1yTYANm4
1316,MadcwgxJDIo,Feminist CALLS OUT Piers Morgan For Mansplaining! | PMU,39000,287,https://www.youtube.com/watch?v=MadcwgxJDIo
1317,brGBQz0Mhvc,Tom Cruise On The Queen! Prince William Booed At FA CUP? | Brain Dump,39000,520,https://www.youtube.com/watch?v=brGBQz0Mhvc
1318,fcoRwacXu30,"""I'm Heartbroken"" - Sharon Osbourne's Reaction To HM Queen Elizabeth II's Death",38000,403,https://www.youtube.com/watch?v=fcoRwacXu30
1319,PV8XC2-CIt8,"Prince Harry and Meghan Markle “CAN'T BE COMPARED!"" To Nelson Mandela Says Grandson",37000,456,https://www.youtube.com/watch?v=PV8XC2-CIt8
1320,c8ouICgnvWk,Welcome To Piers Morgan Uncensored,37000,35,https://www.youtube.com/watch?v=c8ouICgnvWk
1321,znQ7PHcWwHM,HEATED Debate Over Donald Trump's Arrest and New York Court Appearance,36000,771,https://www.youtube.com/watch?v=znQ7PHcWwHM
1322,6bydf7Ei0Yo,"""You Compared Migrants To FLYING ANTS!?"" Piers Morgan CALLS OUT Henry Bolton",36000,756,https://www.youtube.com/watch?v=6bydf7Ei0Yo
1323,1PfvrXmDcN8,A HEATED Debate Over Just Stop Oil's Climate Protest Methods!,36000,449,https://www.youtube.com/watch?v=1PfvrXmDcN8
1324,x9LP7Z29V4c,"""INNOCENT Until Proven GUILTY!"" Lady C on Prince Andrew's Settlement",36000,514,https://www.youtube.com/watch?v=x9LP7Z29V4c
1325,52Jm64oUslk,We Had 38 Complaints!? Plus Victoria Beckham on Body Image | Brain Dump,36000,480,https://www.youtube.com/watch?v=52Jm64oUslk
1326,kQd85Z-lR9w,Australian Prime Minister Anthony Albanese's Fascinating Story About Finding His Dad,35000,807,https://www.youtube.com/watch?v=kQd85Z-lR9w
1327,WCWG8-0hWK4,"""They Got Rich From SLAVERY!"" Professor Andrews on The Royal Family",35000,465,https://www.youtube.com/watch?v=WCWG8-0hWK4
1328,2nowo6Vr5cE,Piers Morgan Challenges Donald Trump Over 'Rigged' Election Claims,35000,39,https://www.youtube.com/watch?v=2nowo6Vr5cE
1329,u_rz-hhrAPo,Brain Dump: Ricky Gervais Cancelled? And Trump on Twitter | PMU,34000,575,https://www.youtube.com/watch?v=u_rz-hhrAPo
1330,JUsJVzY5anc,"Gordon Brown: ""Putin Could Be Tried As A War Criminal In WEEKS""",33000,630,https://www.youtube.com/watch?v=JUsJVzY5anc
1331,SyurjoLgryg,"""Tyson's Had Enough!"" Frank Warren on Tyson Fury vs Anthony Joshua Fight",33000,414,https://www.youtube.com/watch?v=SyurjoLgryg
1332,W3B9pfoIAJc,"""Elon Musk Is A SUPERHERO!"" Elon Musk's Dad Errol On SpaceX Technology",33000,552,https://www.youtube.com/watch?v=W3B9pfoIAJc
1333,ivi1QvvdFn4,"Kwasi Kwarteng: ""Nicola Sturgeon's Woke Agenda Blew Up In Her Face!""",32000,1425,https://www.youtube.com/watch?v=ivi1QvvdFn4
1334,MLGCEnmFzy0,Meghan and Harry Return For Jubilee! And Goodbye to Ellen the Hypocrite | Brain Dump,32000,469,https://www.youtube.com/watch?v=MLGCEnmFzy0
1335,WGlV3vqjOj0,Donald Trump Hints At Running For President In The 2024 U.S Election | PMU,32000,291,https://www.youtube.com/watch?v=WGlV3vqjOj0
1336,kEBPah--jtU,Moses Itauma Speaks To Piers Morgan Ahead Of Heavyweight Fight vs Hrgović | Full Interview,31000,2431,https://www.youtube.com/watch?v=kEBPah--jtU
1337,DcmCB-Vblq8,"""It's A Need To Be A Victim!"" Trevor Noah Claims UK 'Racist' Towards Rishi Sunak",31000,364,https://www.youtube.com/watch?v=DcmCB-Vblq8
1338,dl-h9HcueWM,"""Boris LIED To Us!"" Piers Morgan Grills Conservative Over New Partygate Photos",31000,398,https://www.youtube.com/watch?v=dl-h9HcueWM
1339,0vJplwkMX0s,"Andrew Tate Hints To Piers Morgan He ""Might Be SECRETLY MARRIED""!?",30000,239,https://www.youtube.com/watch?v=0vJplwkMX0s
1340,1XFg5ZKdTFU,"""He Is SO ARROGANT!"" Esther on The Behaviour Of Prince Andrew",30000,426,https://www.youtube.com/watch?v=1XFg5ZKdTFU
1341,L5nfZJJv6H0,"""They Used My Face To Divide The Country"" - QAnon Shaman Jacob Chansley SLAMS Corrupt Justice System",29000,447,https://www.youtube.com/watch?v=L5nfZJJv6H0
1342,1aKlW3YbiJQ,Piers Morgan Gets Tobias Ellwood To Delete Afghanistan Video And Admit It Was A 'Mistake',29000,733,https://www.youtube.com/watch?v=1aKlW3YbiJQ
1343,4fv4Uz_i1iQ,"""We Have ONE Chance With AI!"" Professor Warns Of Artificial Intelligence's Threat To Humanity",29000,492,https://www.youtube.com/watch?v=4fv4Uz_i1iQ
1344,zyCdc_VaEdo,Denmark's Nadia Nadim Opens Up To Piers Morgan About Her Mother's Death,29000,850,https://www.youtube.com/watch?v=zyCdc_VaEdo
1345,SBErTY1Z2sk,Succession Actor Brian Cox's Inspiring Interview With Piers Morgan | PMU,29000,667,https://www.youtube.com/watch?v=SBErTY1Z2sk
1346,Bj_awesmmPs,"""Trump Could Announce 2024 Presidency TONIGHT!"" Piers Morgan Reacts To US Midterm Elections",28000,328,https://www.youtube.com/watch?v=Bj_awesmmPs
1347,imMuME5Oppk,"""It WILL Get WORSE!"" Tom Bower on Prince Charles Receiving £1M From Bin Laden Family",28000,544,https://www.youtube.com/watch?v=imMuME5Oppk
1348,o9seV-0cMAY,"Donald Trump on Harry and Meghan, The Queen and Prince Andrew | PMU",28000,443,https://www.youtube.com/watch?v=o9seV-0cMAY
1349,eSn-cX-zntc,"""The Home Secretary Is A KNOB!"" Shaun Ryder and Tomi Lahren Debate Cannabis Laws",27000,521,https://www.youtube.com/watch?v=eSn-cX-zntc
1350,2KrsD9_UVUM,"""Andrew Is A Grieving Son!"" Richard Defends Prince Andrew's Involvement in Queen's Funeral",27000,436,https://www.youtube.com/watch?v=2KrsD9_UVUM
1351,8D_LcDk0KZM,Інтерв'ю президента Зеленського та першої леді Зеленської з Пірсом Морганом,27000,3521,https://www.youtube.com/watch?v=8D_LcDk0KZM
1352,nQ9SUVTkRdg,Rishi Sunak Explains New Plan To Tackle Illegal Immigration,26000,347,https://www.youtube.com/watch?v=nQ9SUVTkRdg
1353,p6UnGTWUWBU,Piers Morgan Interviews Mark Hamill On Returning As Luke Skywalker and More,26000,770,https://www.youtube.com/watch?v=p6UnGTWUWBU
1354,kDN_zXtlYII,Jeremy Kyle and Grace Blakeley Have A HEATED Debate Over Immigration,26000,538,https://www.youtube.com/watch?v=kDN_zXtlYII
1355,8EfhRXoCplI,"Tyson Fury's Message, Matthew McConaughey's Speech and More! | PMU",26000,363,https://www.youtube.com/watch?v=8EfhRXoCplI
1356,Cu0jbA1eRuQ,"Piers Morgan On The Texas School Shooting, Gun Control And A Tribute To The Victims",26000,632,https://www.youtube.com/watch?v=Cu0jbA1eRuQ
1357,sRSybeSZHNQ,"Biden ""Creating Banana Republic"" Over Attacks On Donald Trump Via Department Of Justice",25000,589,https://www.youtube.com/watch?v=sRSybeSZHNQ
1358,gZ0ciwVgNX8,"""They Only Help Themselves!"" Greg Gutfeld Mocks Harry and Meghan | PMU",25000,530,https://www.youtube.com/watch?v=gZ0ciwVgNX8
1359,DlWHvrVzFDs,"""Public Disruption is NECESSARY!"" Insulate Britain Defend Their Protest Methods | PMU",25000,664,https://www.youtube.com/watch?v=DlWHvrVzFDs
1360,JlmZYRxR9XQ,Brain Dump: Meghan Markle Cancelled By Netflix and Trevor Noah Roasts Biden | PMU,25000,520,https://www.youtube.com/watch?v=JlmZYRxR9XQ
1361,QpBPjCYpQnI,Donald Trump: Queen Should Strip Harry And Meghan's Titles,25000,56,https://www.youtube.com/watch?v=QpBPjCYpQnI
1362,O3OMlwawtok,"Prince Harry, The Metaverse and More | Piers Morgan Reacts",25000,171,https://www.youtube.com/watch?v=O3OMlwawtok
1363,-VvQap9NecI,Piers Morgan vs Steven Pinker On Modern Day Censorship | Full Interview,24000,603,https://www.youtube.com/watch?v=-VvQap9NecI
1364,UhyopeHQ_Gs,"""The Royal Family Are Like The KARDASHIANS!"" How Americans View The Royals",24000,863,https://www.youtube.com/watch?v=UhyopeHQ_Gs
1365,72OKr3KqWpY,"""It Was An INJUSTICE!"" Skateboarder Who Lost To Trans Woman | PMU",24000,362,https://www.youtube.com/watch?v=72OKr3KqWpY
1366,5wo3h2VUsz4,Piers Morgan Interviews Donald Trump | Official Teaser Trailer,24000,31,https://www.youtube.com/watch?v=5wo3h2VUsz4
1367,-eqhwzVru7s,"Piers Morgan: I'm Back, One Year On From My GMB Walk-Off",24000,50,https://www.youtube.com/watch?v=-eqhwzVru7s
1368,rVqqaKF47eA,Jeremy Kyle Takes On Britain's Most HATED Cyclist!,23000,781,https://www.youtube.com/watch?v=rVqqaKF47eA
1369,wY0UH_HElKs,"""I'm Commited To PGA Tour!"" US Open Champion Matt Fitzpatrick on Golfers Leaving For LIV",23000,759,https://www.youtube.com/watch?v=wY0UH_HElKs
1370,Mj1XhOKwCNA,"""What's Wrong With FRANCE?"" A HEATED Debate on Immigrants and Rwanda Policy",23000,573,https://www.youtube.com/watch?v=Mj1XhOKwCNA
1371,U8oBGa0U0cI,"Johnny Depp Spends £50,000 at UK Restaurant Celebrating Amber Heard Court Case Win",23000,217,https://www.youtube.com/watch?v=U8oBGa0U0cI
1372,uawdAkwl-IQ,"""Let GAY Actors Play STRAIGHT Roles!"" Rupert Everett on Acting Roles",23000,702,https://www.youtube.com/watch?v=uawdAkwl-IQ
1373,-LYW5ZW6YlY,"""It's An Assault On Our Identity!"" Douglas Murray on Cancelling Churchill",23000,463,https://www.youtube.com/watch?v=-LYW5ZW6YlY
1374,KqOetdaBbiI,"""Netflix Are VULTURES!"" Panel React To 'The Crown' Season 5 Trailer",22000,522,https://www.youtube.com/watch?v=KqOetdaBbiI
1375,f7NWKSnIAGU,"""Trump Would Be TERRIBLE!"" Penn Jillette on Donald Trump Running For President 2024",22000,341,https://www.youtube.com/watch?v=f7NWKSnIAGU
1376,VQXKh5UIRNo,"""Fans Don't Care Where The Money's From!"" Harry Redknapp on Newcastle's Owners",22000,456,https://www.youtube.com/watch?v=VQXKh5UIRNo
1377,uMBd0mUp1do,“I’m Like Cristiano Ronaldo!” Usain Bolt on The Mentality Of Being A Champion,22000,842,https://www.youtube.com/watch?v=uMBd0mUp1do
1378,nS8eFn0Nde0,"""We CAN Have RESTRICTIONS!"" Jerry Springer on Gun Laws in America",22000,1176,https://www.youtube.com/watch?v=nS8eFn0Nde0
1379,sthJViDp8lo,Meghan Markle or Piers Morgan | Who Said It?,21000,188,https://www.youtube.com/watch?v=sthJViDp8lo
1380,ipwrh0TU2IE,The FULL UNSEEN Adam Carolla Interview With Piers Morgan | PMU,21000,668,https://www.youtube.com/watch?v=ipwrh0TU2IE
1381,RSMH1PkmttI,"""He Wants To Distance Himself"" | George Pataki on President Joe Biden's 9/11 No-Show",20000,333,https://www.youtube.com/watch?v=RSMH1PkmttI
1382,TPPlDTK92z0,Katherine Jenkins Performs 'Blinded By Your Grace' Live In Studio,20000,184,https://www.youtube.com/watch?v=TPPlDTK92z0
1383,1O7gmOFQpqw,"""They're Just A PRIVILEGED Family!"" Julie Bindel on The Royal Family and Commonwealth",20000,313,https://www.youtube.com/watch?v=1O7gmOFQpqw
1384,nWi5jeTDInQ,"Biden In Court Over ""ENORMOUS Censorship Complex"" Of Administration During Covid Pandemic",19000,767,https://www.youtube.com/watch?v=nWi5jeTDInQ
1385,lRKkmB-rOBI,"""King Charles III Has What It Takes!"" Piers Morgan On Whether New Monarch Will Succeed",19000,356,https://www.youtube.com/watch?v=lRKkmB-rOBI
1386,cU4EuNGrA-g,"""Tax Cuts Doesn't Deliver GROWTH!"" Grace Blakeley on Liz Truss' Economic Plan",19000,522,https://www.youtube.com/watch?v=cU4EuNGrA-g
1387,LZcYyFKKzZE,"""It Was MORE Exciting Than 1966!"" Sir Geoff Hurst on Lionesses Winning Euro 2022",19000,605,https://www.youtube.com/watch?v=LZcYyFKKzZE
1388,2asI2MdgKnQ,ASKING THE PUBLIC: WHAT IS A WOMAN?,19000,210,https://www.youtube.com/watch?v=2asI2MdgKnQ
1389,SaLaKrxVjb4,"Ricky Gervais, Tyson Fury and More React To Piers Morgan's New Show | PMU",19000,156,https://www.youtube.com/watch?v=SaLaKrxVjb4
1390,Pl2kYKGXQzQ,"""Elon Musk Will Be A Hero"" Tucker Carlson On Twitter Takeover | PMU",18000,543,https://www.youtube.com/watch?v=Pl2kYKGXQzQ
1391,MVxrgo3WtmI,Piers Morgan: 'Politicians Rebuilding Trust Starts With Saying Sorry',17000,199,https://www.youtube.com/watch?v=MVxrgo3WtmI
1392,6BsUoKMa-0c,Amber Heard V Johnny Depp - All The Reaction | PMU,17000,514,https://www.youtube.com/watch?v=6BsUoKMa-0c
1393,hZhH05OBW90,The Most Emotional Moments From Piers Morgan Uncensored,17000,859,https://www.youtube.com/watch?v=hZhH05OBW90
1394,Fr_2LYdEIEs,Rishi Sunak On Liz Truss' Resignation And Finding Out He Would Be Prime Minister,16000,564,https://www.youtube.com/watch?v=Fr_2LYdEIEs
1395,jrvzQYK6wN0,Mother Of Sandy Hook Victim Has A Message For Alex Jones After Lawsuit,16000,439,https://www.youtube.com/watch?v=jrvzQYK6wN0
1396,93bjOmbdpuQ,"""Grow Up You BABY!"" Piers Morgan on Nick Kyrgios Smashing TWO Rackets After Loss",16000,155,https://www.youtube.com/watch?v=93bjOmbdpuQ
1397,qqtn3IpN9us,"""NO Evidence Suggests An Assassination Attempt!"" Tom Bower on Princess Diana's Death",15000,481,https://www.youtube.com/watch?v=qqtn3IpN9us
1398,MWFVQxNX12k,"""I Wish I Knew My Father Better"" An Emotional Don McLean Interview",15000,862,https://www.youtube.com/watch?v=MWFVQxNX12k
1399,A7ixyYnBuIc,"New Partygate Photos, Prince Andrew and Pitch Invasions | Brain Dump",15000,498,https://www.youtube.com/watch?v=A7ixyYnBuIc
1400,OdlmUiKvejg,"""The Time For Monarchy Has Passed!"" Kate Smurthwaite on The Royal Family | PMU",15000,473,https://www.youtube.com/watch?v=OdlmUiKvejg
1401,YmfzphP1dqs,Piers Morgan: My Mission Statement,15000,421,https://www.youtube.com/watch?v=YmfzphP1dqs
1402,YyeOZfiTvlo,"Every Time Guests WALKED OUT Mid-Interview ft Donald Trump, MP's and More",14000,324,https://www.youtube.com/watch?v=YyeOZfiTvlo
1403,aY6sHndI3pQ,"Mickey Rourke on Amber Heard, Tom Cruise and More! | The Best Moments This Week",14000,338,https://www.youtube.com/watch?v=aY6sHndI3pQ
1404,uZMhSYMpnhY,"MP STORMS OFF Because His ""Wife Would DIVORCE Him"" If He Spoke To Piers Morgan",14000,316,https://www.youtube.com/watch?v=uZMhSYMpnhY
1405,Y1UUB4VbleI,Piers Morgan Reacts to Boris Johnson WINNING Vote of Confidence,14000,1275,https://www.youtube.com/watch?v=Y1UUB4VbleI
1406,o0n7UC6ZtiQ,"""We Need Her To Go On!"" Brian Blessed on The Queen's 70-Year Reign",14000,637,https://www.youtube.com/watch?v=o0n7UC6ZtiQ
1407,1yvJ0gsiEhU,This Man Holds The WORLD RECORD For EATING BIG MACS!?,14000,230,https://www.youtube.com/watch?v=1yvJ0gsiEhU
1408,BDahIKva2yw,"""I'm SCARED To Perform!"" Howie Mandel on Chris Rock and Dave Chappelle Assaults",14000,452,https://www.youtube.com/watch?v=BDahIKva2yw
1409,1yvBpLRI9YU,"""The Child Wants To!"" Father Defends Letting His Six-Year-Old Run Marathon | PMU",14000,432,https://www.youtube.com/watch?v=1yvBpLRI9YU
1410,eM3vPPAdYBQ,"""I Was Very Emotional!"" Sharon Osbourne On Queen Elizabeth II's Funeral",13000,981,https://www.youtube.com/watch?v=eM3vPPAdYBQ
1411,libyfEJKKHE,Equal Pay For Women Footballers? And The Cost Of Living Crisis | Brain Dump,13000,566,https://www.youtube.com/watch?v=libyfEJKKHE
1412,qmiEMbHU5No,"""It's Not A Good Idea!"" Bertie Ahern on Irish Referendum | PMU",13000,433,https://www.youtube.com/watch?v=qmiEMbHU5No
1413,T9S60wHOzWs,"""I Would've Won The Euros!"" 'Big Sam' Allardyce On Being Sacked As England Manager",12000,592,https://www.youtube.com/watch?v=T9S60wHOzWs
1414,_MB4DzxbxE0,Can A WOMAN Have A P*nis? Platinum Jubilee Parties BANNED? | Brain Dump,12000,644,https://www.youtube.com/watch?v=_MB4DzxbxE0
1415,bNvt1h2GSUg,"""It's NOT just GUNS and Mental Health!"" Ex Police Officer on Mass Shootings In U.S",12000,839,https://www.youtube.com/watch?v=bNvt1h2GSUg
1416,kvL1W_WzwU0,"Zelenskys, David Beckham, Ellie Goulding and More Attend Kyiv Summit",11000,481,https://www.youtube.com/watch?v=kvL1W_WzwU0
1417,b6Q8NmYiI6w,The Transport Secretary On Rail Strikes | Grant Shapps' Full Interview,11000,1739,https://www.youtube.com/watch?v=b6Q8NmYiI6w
1418,wGqT_2o8oxA,The FULL Interview With Deepak Chopra | Piers Morgan Uncensored,11000,616,https://www.youtube.com/watch?v=wGqT_2o8oxA
1419,I9vkCbwChNE,"""I'd Keep The Nutter IN!"" Sharon Osbourne on Keeping Boris Johnson as Prime Minister",11000,400,https://www.youtube.com/watch?v=I9vkCbwChNE
1420,tnAYFnMqP7U,"""Let Britney Be!"" Tomi Lahren and Louis Walsh on Britney Spears | PMU",11000,380,https://www.youtube.com/watch?v=tnAYFnMqP7U
1421,N0L-TzY9m4c,Piers Morgan Dismantles Cancel Culture On The Five,11000,198,https://www.youtube.com/watch?v=N0L-TzY9m4c
1422,eG99vEQhAG8,"Elon Musk, Plus Size Models and Keir Starmer | Piers Morgan Reacts",11000,198,https://www.youtube.com/watch?v=eG99vEQhAG8
1423,ASglTJSYb60,"""Twitter Needed A New Sheriff!"" The Babylon Bee CEO On Free Speech In Social Media",10000,875,https://www.youtube.com/watch?v=ASglTJSYb60
1424,Ffs2OVw0rJQ,"""Putin IS BLUFFING!"" Garry Kasparov on Russia's Nuclear Threat | PMU",10000,396,https://www.youtube.com/watch?v=Ffs2OVw0rJQ
1425,MQsCLebRA6c,Journalist Tells How His Life Was Saved By 'Vision' Of His Children,9900,596,https://www.youtube.com/watch?v=MQsCLebRA6c
1426,Td8HZ4QpMBs,Brain Dump: Keir Starmer's Beergate and Prince Harry's Acting Debut | PMU,9900,517,https://www.youtube.com/watch?v=Td8HZ4QpMBs
1427,KttrRNB9QgM,"""If You Erase History, You'll Repeat It Again"" Martin Luther King's Niece On Racism In America",9800,619,https://www.youtube.com/watch?v=KttrRNB9QgM
1428,wztX5-35A6c,"Brain Dump: Dave Chappelle Attack, Sending Migrants to Rwanda And More | PMU",9800,495,https://www.youtube.com/watch?v=wztX5-35A6c
1429,l3ELeRe9Fpw,"""Boris Becker Should've Been Smarter!"" Martina Reacts To Becker's Prison Sentencing | PMU",9800,121,https://www.youtube.com/watch?v=l3ELeRe9Fpw
1430,pKA-rItFSI0,"Brain Dump: Vladimir Putin, P*rn Watching MP and Alex Jones | PMU",9800,533,https://www.youtube.com/watch?v=pKA-rItFSI0
1431,gZPc2LUJ0DM,Union Boss EXPOSED For Having Piers Morgan's GMB Walkout As His Profile Picture!,9600,773,https://www.youtube.com/watch?v=gZPc2LUJ0DM
1432,BFZIN69Bx4g,Should We Forgive Prince Andrew? And 28 Tory MPs vs Boris Johnson | Brain Dump,9600,459,https://www.youtube.com/watch?v=BFZIN69Bx4g
1433,-A-NNbyE6wQ,"Cristiano Ronaldo, Joe Biden and More | Piers Morgan Reacts",9400,204,https://www.youtube.com/watch?v=-A-NNbyE6wQ
1434,D9M93_jmmmw,"Jimmy Kimmel Previews Piers Morgan vs ""Sweaty"" Trump | Parody",9100,81,https://www.youtube.com/watch?v=D9M93_jmmmw
1435,HbmX9z-Pguw,Brain Dump: Kim Kardashian At Met Gala and U.S Abortion Laws | PMU,9000,570,https://www.youtube.com/watch?v=HbmX9z-Pguw
1436,xJaIzaAhMB8,"""It Is INHUMANE"" Syrian Refugee Agrees With Prince Charles on Rwanda Policy",8800,821,https://www.youtube.com/watch?v=xJaIzaAhMB8
1437,PE_sl8XJMBE,Who Is The Man Behind Viral TikTok Binley Mega Chippy?,8800,372,https://www.youtube.com/watch?v=PE_sl8XJMBE
1438,BzeHHfW8mdk,"""Trump Will Run, But NOT WIN!"" Geraldo Rivera On Donald Trump As President | PMU",8800,520,https://www.youtube.com/watch?v=BzeHHfW8mdk
1439,II8nsSlgP5g,"""Biden Made A Mistake!"" Leon Panetta Criticises President Biden's Documents Scandal",8600,628,https://www.youtube.com/watch?v=II8nsSlgP5g
1440,zF26df2didk,Brain Dump: President Meghan Markle!? And Deborah James' Story | PMU,8600,426,https://www.youtube.com/watch?v=zF26df2didk
1441,TrOa9CXtw4s,Piers Morgan is FAVOURITE To Become The Next Prime Minister?,8500,178,https://www.youtube.com/watch?v=TrOa9CXtw4s
1442,Jnx3P3OF_yk,"Suella Braverman ""Breached MULTIPLE Codes"" Says Sacked Tory Party Chairman Jake Berry",8400,435,https://www.youtube.com/watch?v=Jnx3P3OF_yk
1443,4NU0hdZdU-E,"Frankie Dettori On ""England's Mother"" Queen Elizabeth II",8400,486,https://www.youtube.com/watch?v=4NU0hdZdU-E
1444,0447nmCt0Hs,Boris Johnson's Lockdown Party And More | Piers Morgan Reacts,8400,136,https://www.youtube.com/watch?v=0447nmCt0Hs
1445,xdTpWSgjYcA,"“After Last Night, Trump WILL Run Again!” Donald Trump's Advisor Reacts to FBI Raid",8300,517,https://www.youtube.com/watch?v=xdTpWSgjYcA
1446,vAZJtVIiKt8,"Nicki Minaj, Joe Rogan and NFTs | Piers Morgan Reacts",8300,214,https://www.youtube.com/watch?v=vAZJtVIiKt8
1447,_EDdQOLds7o,"""We're DESTROYING Earth!"" William Shatner After Going To Space",8200,411,https://www.youtube.com/watch?v=_EDdQOLds7o
1448,r4afQ0g49pk,Piers Morgan Interviews Ukrainians Whose Home Was Bombed,8100,682,https://www.youtube.com/watch?v=r4afQ0g49pk
1449,twUwxgd6Hyg,Sharon Osbourne Joins Piers Morgan on TalkTV!,7900,36,https://www.youtube.com/watch?v=twUwxgd6Hyg
1450,QMaQo2kh-B8,Piers Morgan Called A C***? KLITSCHKO vs FURY Rematch!? | PMU Best Moments,7800,522,https://www.youtube.com/watch?v=QMaQo2kh-B8
1451,_oe_zBZi9Eg,"""Biden Could Be Stronger!"" - Gen. Keane On Russian Nuclear Threat | PMU",7700,516,https://www.youtube.com/watch?v=_oe_zBZi9Eg
1452,5xQQ2xFgJ6U,Piers Morgan Interviews Great British Bake Off Former Judge Prue Leith,7600,474,https://www.youtube.com/watch?v=5xQQ2xFgJ6U
1453,CiNauoJ8jEQ,Piers Morgan Discusses Donald Trump And Free Speech On Fox And Friends,7600,438,https://www.youtube.com/watch?v=CiNauoJ8jEQ
1454,QjYhYdK-4lE,4:48 Of Piers Morgan Moments You May Have Missed | PMU,7400,288,https://www.youtube.com/watch?v=QjYhYdK-4lE
1455,0xShzeRQbnc,The Best Moments From Piers Morgan Uncensored This Week!,7300,416,https://www.youtube.com/watch?v=0xShzeRQbnc
1456,yL03TBeXS1M,6:38 Of Piers Morgan Unseen Moments From This Week | PMU,7200,398,https://www.youtube.com/watch?v=yL03TBeXS1M
1457,T6J_hQ7f69Y,4 Minutes Of Weird And Funny Piers Morgan Moments | PMU,7200,236,https://www.youtube.com/watch?v=T6J_hQ7f69Y
1458,aZMAUAh298Q,Asking The Public REAL vs FAKE Headlines (Oxford Uni Students),7000,296,https://www.youtube.com/watch?v=aZMAUAh298Q
1459,RmLqyXFPdm8,Who Is THE Tory MP Arrested? Taking The Knee In Football? | Brain Dump,6700,522,https://www.youtube.com/watch?v=RmLqyXFPdm8
1460,biZezG9_d5U,"""The Next James Bond Should Be ___"" Former Head of MI6 On Who Should Play 007",6600,496,https://www.youtube.com/watch?v=biZezG9_d5U
1461,P9-mdTMN2pw,"Kardashian Photoshops, Zouma Pleads Guilty and Partygate | Brain Dump",6500,428,https://www.youtube.com/watch?v=P9-mdTMN2pw
1462,8RLMTuN49fY,"""Russian Players Are Staying SILENT"": Stakhovsky and Navratilova on Banning Russian Athletes | PMU",6400,460,https://www.youtube.com/watch?v=8RLMTuN49fY
1463,REvWursi-r4,Eye-Witness Gives Full Account of July 4th Chicago Mass Shooting,6100,394,https://www.youtube.com/watch?v=REvWursi-r4
1464,7YYlccu-W38,Brain Dump: Covid Care Homes and Alec Baldwin Shooting | PMU,6100,666,https://www.youtube.com/watch?v=7YYlccu-W38
1465,AzsLQYw_RKg,"""He Needs To REMOVE The Hypocrisy!"" Erin Molan on Elon Musk Buying Twitter | PMU",6000,399,https://www.youtube.com/watch?v=AzsLQYw_RKg
1466,Sfy4HEaEHPs,Two Marilyn Monroes SING For Piers Morgan! | PMU,5800,433,https://www.youtube.com/watch?v=Sfy4HEaEHPs
1467,z_D_7NAUamo,"""They Targeted Trump!"" Ben Ferguson Reacts To Donald Trump On Twitter | PMU",5600,557,https://www.youtube.com/watch?v=z_D_7NAUamo
1468,VXHZxKCBMH0,"""Taking The Knee Is NOT Ticking A Box!"" Michael Holding On Politics in Sports",5500,404,https://www.youtube.com/watch?v=VXHZxKCBMH0
1469,7tIG-nnmTwU,Josh & Archie Ask The Public: Describe Piers Morgan In One Word,5100,131,https://www.youtube.com/watch?v=7tIG-nnmTwU
1470,Mr60URGYUTw,"""My Son's Killer Is Out Enjoying Life!"" Passionate Discussion on Prison and Knife Crime",4900,660,https://www.youtube.com/watch?v=Mr60URGYUTw
1471,gm8QJyd_zBo,“BORIS SHOULD RESIGN! But He WON’T!” Esther Krakue on PM's Partygate Photos,4900,507,https://www.youtube.com/watch?v=gm8QJyd_zBo
1472,M0eA3BodbVQ,"""Protection Comes FIRST!"" Florida Sheriff on Handcuffing 10-Year-Old Child",4500,366,https://www.youtube.com/watch?v=M0eA3BodbVQ
1473,D_4EoA9QsV4,"""Is Boris Johnson Honest? YES!"" Conservative MP Defends Prime Minister Over Partygate",4300,1008,https://www.youtube.com/watch?v=D_4EoA9QsV4
1474,AMe9LcpA338,Mother of Sandy Hook Victim Reacts To The Uvalde Texas School Shooting | PMU,4300,746,https://www.youtube.com/watch?v=AMe9LcpA338
1475,HUNpDi2BshY,"""It's HUMILIATING! He's A LIABILITY!"" Adam Boulton on Boris Johnson's Partygate",4000,574,https://www.youtube.com/watch?v=HUNpDi2BshY
1476,KgXbBImexAs,Former Astronaut Scott Kelly Reacts To Russia Pulling Out Of Space Station | PMU,4000,297,https://www.youtube.com/watch?v=KgXbBImexAs
1477,3XkLFdIc5N0,Peter Shilton: Wife Helped Me Through 45-Year Gambling Addiction,3200,603,https://www.youtube.com/watch?v=3XkLFdIc5N0
1478,m0dwZJTi_GE,"""We're The Victims Of War... And Now Politics"" Afghan Journalists on The Taliban",3000,1209,https://www.youtube.com/watch?v=m0dwZJTi_GE
